844	QRY RYN YNR NRA RAP APY PYT	AKV KVS VSY SYL YLS LST STA TAS ASS SSL SLD LDY	0	QRYNRAPYT	IGKV1-27*01	IGKJ1*01	AKVSYLSTASSLDY	IGHV3-9*01	IGHJ4*01
324	WSF SFA FAG AGS GSY SYY YYV	AGE GEL ELL LLP LPY PYY YYG YGM GMD MDV	0	WSFAGSYYV	IGLV2-11*01	IGLJ1*01	AGELLPYYGMDV	IGHV3-23*01	IGHJ6*02
19613	MQG QGT GTH THW HWP WPP PPY PYT	ARG RGY GYA YAD ADT DTP TPV PVF VFR FRR RRY RYY YYY YYY YYG YGM GMD MDV	0	MQGTHWPPYT	IGKV2-30*01	IGKJ1*01	ARGYADTPVFRRYYYYGMDV	IGHV4-34*01	IGHJ6*04
523	AAW AWD WDD DDS DSL SLS LSA SAH AHV HVV	ARE REL ELL LLM LMD MDY DYY YYD YDH DHI HIG IGY GYS YSP SPG PGP GPT	0	AAWDDSLSAHVV	IGLV1-44*01	IGLJ3*01	ARELLMDYYDHIGYSPGPT	IGHV3-30*11	IGHJ1*01
1343	QQY QYN YNN NNW NWP WPL PLT	VRD RDA DAY AYV YVS VSG SGS GSD SDY DYY YYY YYY YYG YGL GLD LDV	0	QQYNNWPLT	IGKV3D-15*01	IGKJ4*01	VRDAYVSGSDYYYYGLDV	IGHV3-9*01	IGHJ2*01
19692	QQY QYG YGR GRS RSR SRW RWT	AKS KSG SGT GTQ TQY QYY YYD YDT DTT TTG TGY GYE YEY EYR YRG RGL GLE LEY EYF YFG FGY	0	QQYGRSRWT	IGKV3-20*01	IGKJ1*01	AKSGTQYYDTTGYEYRGLEYFGY	IGHV3-30*18	IGHJ4*01
19767	QSY SYD YDS DSS SSL SLS LSG SGF GFY FYV	ARL RLG LGY GYC YCS CSG SGG GGS GSC SCH CHF HFD FDY	0	QSYDSSLSGFYV	IGLV1-40*01	IGLJ1*01	ARLGYCSGGSCHFDY	IGHV3-21*03	IGHJ4*01
895	QQA QAN ANN NNF NFP FPL PLT	ARS RSR SRG RGN GNH NHY HYY YYY YYG YGM GMD MDV	0	QQANNFPLT	IGKV1-12*01	IGKJ4*01	ARSRGNHYYYGMDV	IGHV3-30*11	IGHJ6*02
28868	MQG QGT GTH THW HWW WWT	AKV KVG VGD GDG DGT GTV TVA VAG AGT GTI TID IDY	1	MQGTHWWT	IGKV2-30*01	IGKJ1*01	AKVGDGTVAGTIDY	IGHV3-30*02	IGHJ4*01
19847	QHY HYF YFN FNI NIP IPH PHN	ARL RLD LDA DAR ARV RVD VDA DAG AGW GWQ WQL QLD LDS	0	QHYFNIPHN	IGKV4-1*01	IGKJ2*01	ARLDARVDAGWQLDS	IGHV5-51*02	IGHJ5*01
1031	QQY QYN YNN NNW NWW WWT	ARN RNV NVA VAT ATE TEG EGS GSL SLL LLH LHY HYD YDY	0	QQYNNWWT	IGKV3D-15*01	IGKJ1*01	ARNVATEGSLLHYDY	IGHV1-46*01	IGHJ4*01
1419	HQY QYI YIQ IQL QLH LHS HSF SFT	ARY RYD YDG DGI GIY IYG YGE GEL ELD LDF	0	HQYIQLHSFT	IGKV3-11*01	IGKJ1*01	ARYDGIYGELDF	IGHV1-69D*01	IGHJ5*01
1353	QAW AWD WDS DSS SSA SAL ALV	ARG RGP GPL PLS LSR SRG RGY GYY YYD YDY	0	QAWDSSALV	IGLV3-1*01	IGLJ3*01	ARGPLSRGYYDY	IGHV1-69D*01	IGHJ4*01
19799	HQY QYY YYS YSS SSP SPL PLT	ALL LLT LTV TVL VLT LTP TPD PDD DDA DAF AFD FDI	1	HQYYSSPLT	IGKV4-1*01	IGKJ4*01	ALLTVLTPDDAFDI	IGHV1-3*01	IGHJ3*02
1573	QQY QYY YYN YNP NPP PPW PWT	AKG KGG GGA GAA AAA AAA AAV AVM VMD MDV	0	QQYYNPPWT	IGKV4-1*01	IGKJ1*01	AKGGAAAAVMDV	IGHV3-30*18	IGHJ6*04
960	QSY SYD YDS DSP SPT PTL TLT LTS TSP	ATV TVM VMG MGK GKW KWI WIK IKG KGG GGY GYD YDY	0	QSYDSPTLTSP	IGLV1-40*01	IGLJ3*01	ATVMGKWIKGGYDY	IGHV1-69-2*01	IGHJ2*01
1399	QQY QYG YGT GTS TSP SPR PRT	ARE REP EPP PPL PLF LFY FYS YSS SSW SWS WSL SLD LDN	0	QQYGTSPRT	IGKV3-20*01	IGKJ1*01	AREPPLFYSSWSLDN	IGHV1-18*04	IGHJ5*01
1298	QVW VWD WDS DSS SSS SSD SDY DYV	ARD RDT DTV TVM VMG MGG GGM GMD MDV	0	QVWDSSSDYV	IGLV3-21*03	IGLJ1*01	ARDTVMGGMDV	IGHV1-69*10	IGHJ6*02
896	QQL QLN LNS NSY SYS YSL SLT	ARG RGG GGM GMT MTM TMV MVR VRG RGV GVM VMM MMD	0	QQLNSYSLT	IGKV1-9*01	IGKJ4*01	ARGGMTMVRGVMMD	IGHV1-2*04	IGHJ6*02
28884	QQY QYN YNN NNY NYW YWT	ARV RVR VRD RDS DSS SSD SDY DYY YYG YGD GDA DAF AFD FDI	1	QQYNNYWT	IGKV1-5*03	IGKJ1*01	ARVRDSSDYYGDAFDI	IGHV3-33*01	IGHJ3*02
500	ATW TWD WDD DDS DSL SLN LNG NGW GWV	ARD RDV DVQ VQY QYS YSG SGS GSY SYL YLG LGA GAY AYY YYF YFD FDY	0	ATWDDSLNGWV	IGLV1-47*01	IGLJ3*02	ARDVQYSGSYLGAYYFDY	IGHV1-18*04	IGHJ4*01
1436	QQY QYE YEF	TRG RGK GKY KYC YCT CTA TAR ARD RDY DYY YYN YNW NWD WDF DFE FEH	0	QQYEF	IGKV3S7*01	IGKJ1*01	TRGKYCTARDYYNWDFEH	IGHV1-18*04	IGHJ1*01
1299	SSH SHT HTS TSR SRG RGT GTW TWV	ARD RDK DKV KVD VDD DDY DYG YGD GDY DYW YWF WFP FPT PTL TLW LWY WYF YFD FDY	0	SSHTSRGTWV	IGLV2-14*01	IGLJ3*02	ARDKVDDYGDYWFPTLWYFDY	IGHV1-3*01	IGHJ4*01
908	QEY EYS YSS SST STP TPY PYN	ARD RDG DGL GLG LGE GEV EVA VAP APA PAY AYL YLY LYG YGI GID IDA	0	QEYSSTPYN	IGKV3S9*01	IGKJ1*01	ARDGLGEVAPAYLYGIDA	IGHV1-46*02	IGHJ6*02
889	QQY QYE YEF	VRK RKG KGP GPS PSC SCP CPH PHC HCG CGD GDF DFH FHW HWQ WQH	0	QQYEF	IGKV3-20*01	IGKJ1*01	VRKGPSCPHCGDFHWQH	IGHV1-2*02	IGHJ1*01
27	QQY QYG YGQ GQS QSL SLS LST	ARE REG EGT GTT TTG TGW GWG WGW GWL WLG LGK GKP KPI PIG IGA GAF AFA FAH	0	QQYGQSLST	IGKV3-20*01	IGKJ1*01	AREGTTGWGWLGKPIGAFAH	IGHV1-69*10	IGHJ1*01
362	QQY QYE YEF	TRG RGK GKN KNC NCD CDY DYN YNW NWD WDF DFE FEH	0	QQYEF	IGKV3-20*01	IGKJ1*01	TRGKNCDYNWDFEH	IGHV1-18*04	IGHJ1*01
1376	NAF AFE FEF	ARR RRM RMR MRS RSQ SQD QDR DRE REW EWD WDF DFQ FQH	0	NAFEF	IGLV2-14*02	IGLJ3*01	ARRMRSQDREWDFQH	IGHV1-2*02	IGHJ1*01
519	QVW VWD WDS DSD SDS DSD SDH DHV HVV	ARA RAG AGL GLE LEP EPR PRS RSV SVD VDY DYY YYF YFY FYG YGL GLD LDV	0	QVWDSDSDHVV	IGLV3-21*02	IGLJ3*01	ARAGLEPRSVDYYFYGLDV	IGHV1-2*04	IGHJ6*02
804	QHL HLI LIG IGL GLR LRS	ARR RRS RSN SNW NWP WPY PYL YLP LPF PFD FDP	0	QHLIGLRS	IGKV1-9*01	IGKJ2*01	ARRSNWPYLPFDP	IGHV4-34*01	IGHJ5*02
36465	QSS SSD SDS DSS SSG SGT GTY TYV YVV	ARH RHD HDS DSS SSG SGY GYD YDA DAF AFD FDI	0	QSSDSSGTYVV	IGLV3-25*02	IGLJ3*01	ARHDSSGYDAFDI	IGHV1-46*01	IGHJ3*02
697	NSA SAD ADS DSS SSG SGN GNH NHV HVV	AKI KIL ILG LGA GAG AGR GRG RGW GWY WYF YFD FDY	0	NSADSSGNHVV	IGLV3-19*01	IGLJ3*01	AKILGAGRGWYFDY	IGHV3-20*01	IGHJ4*01
9249	QQH QHD HDY DYP YPY PYT	ARL RLG LGS GSD SDY DYD YDV DVW VWF WFD FDY	0	QQHDYPYT	IGKV3-11*01	IGKJ2*01	ARLGSDYDVWFDY	IGHV2-5*09	IGHJ4*01
1363	QQY QYN YNS NSY SYP YPW PWT	ARE REE EEH EHI HIT ITF TFG FGG GGV GVI VIV IVR VRY	0	QQYNSYPWT	IGKV1-5*03	IGKJ1*01	AREEHITFGGVIVRY	IGHV4-4*07	IGHJ4*01
964	QQR QRR RRS RSW SWP WPP PPL PLT	TTG TGD GDF DFS FSE SEF EFE FEP EPF PFS FSM SMD MDY DYF YFH FHF	0	QQRRSWPPLT	IGKV3-11*01	IGKJ4*01	TTGDFSEFEPFSMDYFHF	IGHV1-24*01	IGHJ1*01
1555	QQS QSY SYS YSY SYP YPY PYT	ARY RYY YYS YSS SSG SGG GGS GSY SYY YYR YRY RYS YSR SRG RGF GFD FDY	0	QQSYSYPYT	IGKV1D-39*01	IGKJ1*01	ARYYSSGGSYYRYSRGFDY	IGHV3-66*02	IGHJ4*01
1606	QCL CLE LEA	VRG RGR GRS RSC SCC CCG CGG GGR GRR RRH RHC HCN CNG NGA GAD ADC DCF CFN FNW NWD WDF DFQ FQH	0	QCLEA	IGKV3-20*01	IGKJ2*01	VRGRSCCGGRRHCNGADCFNWDFQH	IGHV1-2*04	IGHJ1*01
1373	QQS QSN SNN NNV NVP VPH PHT	ARD RDK DKK KKQ KQG QGE GEV EVV VVL VLP LPA PAA AAS ASF SFR FRW RWF WFA FAP	0	QQSNNVPHT	IGKV1S1*01	IGKJ1*01	ARDKKQGEVVLPAASFRWFAP	IGHV1-18*04	IGHJ5*02
976	QSY SYD YDS DSS SSS SSW SWV	ARL RLG LGG GGR GRY RYY YYY YYD YDS DSS SSG SGY GYY YYY YYF YFD FDY	0	QSYDSSSWV	IGLV6-57*01	IGLJ3*02	ARLGGRYYYDSSGYYYFDY	IGHV5-51*01	IGHJ4*01
590	QQY QYG YGS GSS SSP SPY PYT	ARE REM EME MEV EVS VSG SGR GRW RWR WRP RPT PTE TEA EAF AFE FEI	0	QQYGSSPYT	IGKV3-20*01	IGKJ3*01	AREMEVSGRWRPTEAFEI	IGHV1-69*10	IGHJ3*02
1435	QQY QYE YET	ARG RGV GVR VRR RRD RDA DAS ASW SWW WWL WLQ LQF	0	QQYET	IGKV3D-15*01	IGKJ1*01	ARGVRRDASWWLQF	IGHV1-2*02	IGHJ1*01
19587	QQY QYD YDN DNL NLP LPL PLT	ATE TET ETA TAL ALV LVV VVS VSE SET ETY TYL YLP LPH PHY HYF YFD FDN	0	QQYDNLPLT	IGKV1D-33*01	IGKJ4*01	ATETALVVSETYLPHYFDN	IGHV1-69D*01	IGHJ5*01
19814	HMW MWD WDS DSR SRS RSG SGF GFS FSW SWS	ATA TAR ARR RRG RGQ GQR QRI RIY IYG YGV GVV VVS VSF SFG FGE GEF EFF FFY FYY YYY YYS YSM SMD MDV	0	HMWDSRSGFSWS	IGLV3-21*01	IGLJ3*02	ATARRGQRIYGVVSFGEFFYYYSMDV	IGHV4-59*03	IGHJ6*04
1045	SSR SRD RDK DKS KSG SGS GSR SRL RLS LSV	ART RTG TGK GKY KYY YYD YDF DFW FWS WSG SGY GYP YPP PPG PGE GEE EEY EYF YFQ FQD	0	SSRDKSGSRLSV	IGLV3-19*01	IGLJ3*01	ARTGKYYDFWSGYPPGEEYFQD	IGHV3-74*03	IGHJ1*01
548	QQY QYE YEF	ARG RGK GKN KNS NSD SDY DYN YNW NWD WDF DFQ FQH	0	QQYEF	IGKV3-11*01	IGKJ2*01	ARGKNSDYNWDFQH	IGHV1-2*02	IGHJ1*01
19795	QQS QSY SYF YFN FNP NPI PIT	ARH RHY HYS YSA SAV AVA VAG AGL GLD LDY	0	QQSYFNPIT	IGKV1D-39*01	IGKJ1*01	ARHYSAVAGLDY	IGHV3-66*02	IGHJ4*01
974	AVW VWD WDD DDS DSL SLS LSG SGR GRW RWV	ATY TYY YYV YVD VDL DLW LWG WGS GSY SYR YRQ RQD QDY DYY YYG YGM GMD MDV	0	AVWDDSLSGRWV	IGLV1-44*01	IGLJ3*02	ATYYVDLWGSYRQDYYGMDV	IGHV7-4-1*02	IGHJ6*02
28882	QQY QYN YNS NSY SYW YWT	ARV RVQ VQT QTT TTT TTG TGG GGG GGS GSC SCC CCP CPF PFD FDY	1	QQYNSYWT	IGKV1-5*03	IGKJ1*01	ARVQTTTGGGSCCPFDY	IGHV3-33*01	IGHJ4*01
1225	QQY QYE YEF	ARG RGK GKY KYC YCT CTA TAS ASD SDY DYY YYN YNW NWD WDF DFE FEH	0	QQYEF	IGKV3-20*01	IGKJ1*01	ARGKYCTASDYYNWDFEH	IGHV1-2*02	IGHJ1*01
586	AAW AWD WDD DDS DSL SLN LNG NGV GVV	AQG QGP GPI PIV IVG VGA GAP APT PTD TDY	0	AAWDDSLNGVV	IGLV1-44*01	IGLJ3*01	AQGPIVGAPTDY	IGHV1-69D*01	IGHJ4*01
1034	QNY NYN YNS NSA SAP APL PLT	VRS RSD SDR DRG RGV GVA VAG AGL GLF LFD FDS	0	QNYNSAPLT	IGKV1-27*01	IGKJ4*01	VRSDRGVAGLFDS	IGHV3-13*04	IGHJ5*01
8752	QQS QSY SYS YST STP TPY PYT	ARV RVP VPA PAN ANT NTL TLV LVN VNH NHD HDF DFD FDY	0	QQSYSTPYT	IGKV1D-39*01	IGKJ3*01	ARVPANTLVNHDFDY	IGHV1-18*04	IGHJ4*01
19846	QHY HYF YFN FNT NTP TPH PHN	ARL RLD LDA DAR ARV RVD VDA DAG AGW GWQ WQL QLD LDS	0	QHYFNTPHN	IGKV4-1*01	IGKJ2*01	ARLDARVDAGWQLDS	IGHV5-51*02	IGHJ5*01
19548	QQS QSY SYY YYS YSS SSP SPF PFT	ARQ RQS QSS SSA SAE AEI EIE IES ESW SWY WYY YYY YYS YSG SGE GEA EAM AMD MDY	0	QQSYYSSPFT	IGKV1D-39*01	IGKJ1*01	ARQSSAEIESWYYYSGEAMDY	IGHV3-66*02	IGHJ4*01
188	QTY TYD YDP DPY PYS YSV SVV	ARD RDL DLI LIH IHG HGV GVT VTR TRN	0	QTYDPYSVV	IGLV6-57*01	IGLJ3*01	ARDLIHGVTRN	IGHV3-23*01	IGHJ1*01
747	ASW SWD WDD DDS DSL SLN LNG NGV GVV	AGP GPS PSI SIT ITE TES ESH SHY HYC YCL CLD LDC DCA CAA AAK AKD KDY DYY YYY YYG YGL GLD LDV	0	ASWDDSLNGVV	IGLV1-44*01	IGLJ3*01	AGPSITESHYCLDCAAKDYYYGLDV	IGHV1-69D*01	IGHJ6*02
19848	QQY QYY YYN YNS NSP SPY PYT	ARV RVG VGR GRP RPS PSK SKG KGG GGW GWF WFD FDP	0	QQYYNSPYT	IGKV4-1*01	IGKJ5*01	ARVGRPSKGGWFDP	IGHV5-51*01	IGHJ5*02
1565	QQG QGA GAS ASW SWP WPF PFT	ARV RVG VGR GRF RFA FAS ASH SHQ HQL QLD LDY	0	QQGASWPFT	IGKV3-11*01	IGKJ1*01	ARVGRFASHQLDY	IGHV5-51*01	IGHJ4*01
954	QQL QLN LNS NSY SYP YPL PLT	ARV RVG VGY GYC YCS CSS SST STS TSC SCN CNR NRG RGA GAF AFD FDI	0	QQLNSYPLT	IGKV1-17*01	IGKJ4*01	ARVGYCSSTSCNRGAFDI	IGHV1-69*14	IGHJ3*02
19669	QQA QAY AYP YPA PAL ALH LHT	ARW RWI WIG IGS GSR SRE REL ELY LYI YIM IMD MDY	0	QQAYPALHT	IGKV1S22*01	IGKJ1*01	ARWIGSRELYIMDY	IGHV3-23*04	IGHJ4*01
8749	AAW AWD WDD DDS DSL SLN LNG NGL GLV	ARV RVS VSY SYY YYE YES ESS SSG SGY GYY YYY YYV YVA VAD ADY DYY YYY YYG YGM GMD MDV	0	AAWDDSLNGLV	IGLV1-44*01	IGLJ3*01	ARVSYYESSGYYYVADYYYGMDV	IGHV1-18*04	IGHJ6*02
28878	QQQ QQR QRI	TKR KRA RAG AGW GWG WGD GDA DAL ALD LDI	1	QQQRI	IGKV1D-33*01	IGKJ4*01	TKRAGWGDALDI	IGHV3-33*03	IGHJ3*02
28880	QAW AWD WDS DSG SGI GIW IWV	TVW VWY WYL YLE LET ETP TPD PDD DDG DGF GFD FDI	1	QAWDSGIWV	IGLV4-69*02	IGLJ3*02	TVWYLETPDDGFDI	IGHV3-33*03	IGHJ3*02
923	ATW TWD WDD DDS DSL SLS LSG SGL GLV	ARR RRP RPQ PQS QSI SIF IFD FDW DWN WNF NFD FDL	0	ATWDDSLSGLV	IGLV1-47*01	IGLJ3*01	ARRPQSIFDWNFDL	IGHV1-69D*01	IGHJ2*01
651	QQY QYG YGS GSS SSP SPT	ARD RDL DLT LTT TTL TLT LTS TSY SYN YNW NWW WWD WDL	0	QQYGSSPT	IGKV3-20*01	IGKJ4*01	ARDLTTLTSYNWWDL	IGHV1-69*02	IGHJ5*01
1409	ATW TWD WDG DGS GSL SLR LRT RTV	ARD RDF DFG FGE GEY EYH YHY HYD YDG DGR GRG RGF GFQ FQC QCE CEG EGF GFD FDL	0	ATWDGSLRTV	IGLV1-51*02	IGLJ3*01	ARDFGEYHYDGRGFQCEGFDL	IGHV4-59*04	IGHJ5*01
1035	MQS QSK SKD KDF DFP FPL PLT	ARM RMF MFQ FQE QES ESG SGP GPP PPR PRL RLD LDR DRW RWS WSG SGR GRN RNY NYY YYY YYY YYS YSG SGM GMD MDV	0	MQSKDFPLT	IGKV2D-29*02	IGKJ4*01	ARMFQESGPPRLDRWSGRNYYYYSGMDV	IGHV3-30*03	IGHJ6*02
202467	QHR HRG RGN GNW NWP WPP PPG PGA GAT	AKE KEG EGH GHG HGS GSD SDM DMT MTW TWR WRA RAD ADF DFD FDY	0	QHRGNWPPGAT	IGKV3-11*01	IGKJ3*01	AKEGHGSDMTWRADFDY	IGHV3-30*18	IGHJ4*02
971	QQY QYF YFS FSP SPP PPY PYT	ARG RGD GDG DGG GGL GLD LDD	0	QQYFSPPYT	IGKV4-1*01	IGKJ2*01	ARGDGGLDD	IGHV3-74*03	IGHJ5*01
202254	QSS SSD SDR DRT RTL TLV LVG VGS GSL	ARD RDL DLV LVL VLG LGS GSG SGS GSS SSN SND	0	QSSDRTLVGSL	IGLV1-40*01	IGLJ1*01	ARDLVLGSGSSND	IGHV3-23*01	IGHJ2*01
987	QQY QYN YNN NNW NWP WPY PYT	AYH YHR HRR RRG RGH GHF HFY FYG YGS GSG SGS GSA SAW AWD WDW DWF WFE FES	0	QQYNNWPYT	IGKV3D-15*01	IGKJ2*01	AYHRRGHFYGSGSAWDWFES	IGHV5-10-1*03	IGHJ5*01
1237	QSY SYD YDS DSS SSN SNV NVV	ARG RGI GIV IVF VFS FSY SYA YAM AMD MDV	0	QSYDSSNVV	IGLV6-57*01	IGLJ3*01	ARGIVFSYAMDV	IGHV6-1*01	IGHJ6*02
355	ATW TWD WDS DSG SGL GLS LSA SAD ADW DWV	TTD TDG DGF GFI FIM IMI MIR IRG RGV GVS VSE SED EDY DYY YYY YYY YYY YYM YMD MDV	0	ATWDSGLSADWV	IGLV1-51*02	IGLJ3*02	TTDGFIMIRGVSEDYYYYYMDV	IGHV3-15*07	IGHJ6*04
19671	HMW MWD WDS DSR SRS RSG SGF GFS FSW SWS	ART RTQ TQH QHG HGR GRR RRI RIY IYG YGI GIV IVA VAF AFR FRE REW EWF WFT FTY TYF YFY FYM YMD MDV	0	HMWDSRSGFSWS	IGLV3-21*01	IGLJ3*02	ARTQHGRRIYGIVAFREWFTYFYMDV	IGHV4-4*08	IGHJ6*02
695	QQS QSY SYS YST STP TPF PFT	ARQ RQN QNH NHY HYG YGS GSG SGS GSY SYF YFY FYR YRT RTA TAY AYY YYY YYA YAM AMD MDV	0	QQSYSTPFT	IGKV1D-39*01	IGKJ3*01	ARQNHYGSGSYFYRTAYYYAMDV	IGHV5-51*01	IGHJ6*02
19630	QQS QSH SHS HSP SPP PPV PVT	ARE REQ EQR QRN RNK NKD KDY DYR YRY RYG YGQ GQE QEG EGF GFG FGY GYS YSY SYG YGM GMD MDV	0	QQSHSPPVT	IGKV1D-39*01	IGKJ3*01	AREQRNKDYRYGQEGFGYSYGMDV	IGHV3-49*04	IGHJ6*02
1339	QQY QYY YYS YSI SIP IPR PRT	ASN SNR NRA RAN ANR NRA RAD ADD DDY DYD YDY DYY YYF YFD FDY	0	QQYYSIPRT	IGKV4-1*01	IGKJ3*01	ASNRANRADDYDYYFDY	IGHV1-69D*01	IGHJ4*01
1563	QQA QAY AYK YKT KTP TPY PYT	ARD RDD DDY DYS YST STY TYA YAF AFA FAY	0	QQAYKTPYT	IGKV1D-39*01	IGKJ1*01	ARDDYSTYAFAY	IGHV1-69*10	IGHJ4*01
19634	QEA EAY AYS YSS SST STP TPT PTL TLT	TAD ADL DLG LGE GEP EPV PVV VVS VSR SRF RFF FFE FEW EWG WGS GSY SYY YYY YYY YYM YMD MDL	0	QEAYSSTPTLT	IGKV1D-39*01	IGKJ5*01	TADLGEPVVSRFFEWGSYYYYMDL	IGHV3-15*06	IGHJ6*04
134	QQY QYY YYS YSA SAP APL PLT	VRE REG EGP GPR PRA RAT ATG TGY GYS YSX SXA XAD ADV DVF VFD FDI	0	QQYYSAPLT	IGKV4-1*01	IGKJ4*01	VREGPRATGYSXADVFDI	IGHV3-21*03	IGHJ3*02
36462	MQA QAL ALQ LQT QTP TPL PLT	ARH RHG HGH GHN HNG NGM GMG MGV	0	MQALQTPLT	IGKV2-28*01	IGKJ4*01	ARHGHNGMGV	IGHV4-34*01	IGHJ6*04
202268	QQR QRS RSN SNW NWP WPP PPV PVT	ARD RDI DIY IYD YDV DVS VSS SSA SAY AYY YYG YGM GMD MDV	0	QQRSNWPPVT	IGKV3-11*01	IGKJ1*01	ARDIYDVSSAYYGMDV	IGHV3-64*07	IGHJ6*01
289	HQY QYG YGS GST STP TPL PLT	ARV RVS VSI SIF IFG FGV GVG VGT GTF TFD FDY	0	HQYGSTPLT	IGKV3-11*01	IGKJ4*01	ARVSIFGVGTFDY	IGHV4-30-4*01	IGHJ4*01
601	QQY QYE YEF	TRG RGK GKY KYC YCT CTA TAR ARD RDY DYY YYN YNW NWD WDF DFE FEH	0	QQYEF	IGKV3S7*01	IGKJ1*01	TRGKYCTARDYYNWDFEH	IGHV1-18*04	IGHJ1*01
636	QQY QYE YET	ARA RAQ AQK QKR KRG RGR GRS RSE SEW EWA WAY AYA YAH	0	QQYET	IGKV1D-33*01	IGKJ3*01	ARAQKRGRSEWAYAH	IGHV1-18*04	IGHJ1*01
19639	QQY QYL YLY LYH YHP HPA PAT	ARR RRH RHW HWP WPG PGG GGF GFD FDY	0	QQYLYHPAT	IGKV1S22*01	IGKJ1*01	ARRHWPGGFDY	IGHV3-23*04	IGHJ4*01
19806	QHF HFE FET	TRG RGR GRD RDG DGY GYD YDD DDG DGF GFH FHP	0	QHFET	IGKV1-5*03	IGKJ5*01	TRGRDGYDDGFHP	IGHV1-2*02	IGHJ5*02
19753	QQD QDG DGW GWS WSL SLI LIT	ARG RGY GYG YGW GWA WAL ALD LDY	0	QQDGWSLIT	IGKV1D-39*01	IGKJ1*01	ARGYGWALDY	IGHV3-66*02	IGHJ4*01
941	GTW TWD WDD DDN DNS NSW SWV	ATR TRW RWN WNY NYF YFF FFD FDF DFD FDY	0	GTWDDNSWV	IGLV1-47*01	IGLJ3*02	ATRWNYFFDFDY	IGHV4-59*03	IGHJ2*01
211	QQS QSV SVM VMI MIP IPM PMT	ARG RGR GRF RFF FFD FDY	0	QQSVMIPMT	IGKV1D-39*01	IGKJ1*01	ARGRFFDY	IGHV3-48*01	IGHJ4*01
19781	QTW TWG WGA GAG AGI GIR IRV	ARD RDT DTY TYY YYY YYD YDS DSG SGD GDY DYE YED EDA DAF AFD FDI	0	QTWGAGIRV	IGLV4-69*02	IGLJ3*01	ARDTYYYDSGDYEDAFDI	IGHV4-59*08	IGHJ3*02
808	QQY QYE YEF	TRG RGK GKY KYC YCT CTA TAR ARD RDY DYY YYN YNW NWD WDF DFE FEH	0	QQYEF	IGKV3-20*01	IGKJ1*01	TRGKYCTARDYYNWDFEH	IGHV1-18*04	IGHJ1*01
19750	CSY SYA YAG AGS GSV SVV	ARD RDL DLT LTL TLM LMY MYV YVH VHS HSS SSG SGW GWE WER ERG RGV GVY VYY YYY YYY YYG YGM GMD MDV	0	CSYAGSVV	IGLV2-23*01	IGLJ3*01	ARDLTLMYVHSSGWERGVYYYYGMDV	IGHV1-2*02	IGHJ6*02
28883	QQY QYN YNS NSY SYW YWT	ARV RVR VRD RDS DSS SSD SDY DYY YYG YGD GDA DAF AFD FDI	1	QQYNSYWT	IGKV1-5*03	IGKJ1*01	ARVRDSSDYYGDAFDI	IGHV3-33*01	IGHJ3*02
19595	QHY HYG YGV GVS VSP SPV PVI VIT	TRG RGV GVR VRE REV EVG VGA GAT ATG TGD GDD DDP DPF PFY FYY YYG YGM GMY MYV	0	QHYGVSPVIT	IGKV3-20*01	IGKJ4*01	TRGVREVGATGDDPFYYGMYV	IGHV3-13*04	IGHJ6*02
19735	VQT QTV TVQ VQV QVP VPY PYT	TTL TLL LLI LIY IYE YES ESD SDV DVG VGV GVD VDF	1	VQTVQVPYT	IGKV2-28*01	IGKJ2*01	TTLLIYESDVGVDF	IGHV3-23*03	IGHJ5*01
354	QVY VYG YGA GAS ASS SSY SYT	ARV RVG VGP GPY PYS YSW SWD WDD DDS DSP SPQ PQD QDN DNY NYY YYM YMD MDV	0	QVYGASSYT	IGKV3-20*01	IGKJ2*01	ARVGPYSWDDSPQDNYYMDV	IGHV1-3*01	IGHJ6*04
907	QEY EYS YSS SST STP TPY PYN	ARD RDG DGL GLG LGE GEV EVA VAP APD PDY DYR YRY RYG YGI GID IDV	0	QEYSSTPYN	IGKV3S9*01	IGKJ1*01	ARDGLGEVAPDYRYGIDV	IGHV1-46*02	IGHJ6*02
559	QQY QYE YEF	ARG RGK GKY KYC YCT CTA TAR ARD RDY DYY YYN YNW NWD WDF DFQ FQH	0	QQYEF	IGKV3S7*01	IGKJ1*01	ARGKYCTARDYYNWDFQH	IGHV1-2*02	IGHJ1*01
1371	HMW MWD WDS DSR SRS RSG SGF GFS FSW SWS	ATA TAR ARR RRG RGQ GQR QRI RIY IYG YGV GVV VVS VSF SFG FGE GEF EFF FFY FYY YYY YYS YSM SMD MDV	0	HMWDSRSGFSWS	IGLV3-21*01	IGLJ3*02	ATARRGQRIYGVVSFGEFFYYYSMDV	IGHV4-59*03	IGHJ6*04
822	QQY QYG YGS GSS SSP SPS PST	ARE REG EGT GTT TTG TGW GWG WGW GWL WLG LGK GKP KPI PIG IGA GAF AFQ FQH	0	QQYGSSPST	IGKV3-20*01	IGKJ1*01	AREGTTGWGWLGKPIGAFQH	IGHV1-69*14	IGHJ1*01
1578	QQY QYE YEF	TRG RGK GKY KYC YCT CTA TAR ARD RDY DYY YYN YNW NWD WDF DFE FEH	0	QQYEF	IGKV3S7*01	IGKJ1*01	TRGKYCTARDYYNWDFEH	IGHV1-18*04	IGHJ1*01
19591	NSY SYS YSI SIH IHS HSP SPW PWV	ARD RDR DRR RRS RSG SGT GTS TSP SPL PLP LPL PLD LDV	0	NSYSIHSPWV	IGLV2-14*01	IGLJ3*02	ARDRRSGTSPLPLDV	IGHV3-21*03	IGHJ6*02
8739	QSY SYD YDS DSS SSV SVS VSG SGS GSV	ARE RER ERL RLP LPG PGN GNW NWN WNY NYD YDL	0	QSYDSSVSGSV	IGLV1-40*01	IGLJ3*01	ARERLPGNWNYDL	IGHV3-9*01	IGHJ2*01
202270	QQR QRL RLN LNW NWP WPP PPL PLT	AKV KVL VLS LSP SPG PGG GGS GSN SNM NMV MVW VWD WDY	0	QQRLNWPPLT	IGKV3-11*01	IGKJ4*01	AKVLSPGGSNMVWDY	IGHV3-23*01	IGHJ4*02
36472	QLY LYG YGS GSS SSP SPW PWT	AKV KVG VGE GEY EYY YYD YDF DFW FWS WSG SGY GYS YSP SPF PFE FEY	0	QLYGSSPWT	IGKV3-20*01	IGKJ1*01	AKVGEYYDFWSGYSPFEY	IGHV3-23*01	IGHJ4*02
168	SSY SYS YSS SST STT TTR TRV RVV	AKP KPN PNV NVG VGS GSG SGW GWS WSF SFD FDS	0	SSYSSTTRVV	IGLV2-14*01	IGLJ3*01	AKPNVGSGWSFDS	IGHV3-23*04	IGHJ5*01
563	QQY QYE YET	ARG RGV GVR VRR RRD RDA DAS ASW SWW WWL WLQ LQF	0	QQYET	IGKV3D-15*01	IGKJ1*01	ARGVRRDASWWLQF	IGHV1-2*02	IGHJ1*01
776	QQY QYN YNT NTY TYW YWT	AYR YRR RRI RIG IGV GVP VPR PRR RRD RDE DEF EFD FDI	0	QQYNTYWT	IGKV1-5*03	IGKJ1*01	AYRRIGVPRRDEFDI	IGHV3-23*01	IGHJ3*02
870	AAW AWD WDD DDS DSL SLN LND NDW DWV	VKD KDR DRV RVA VAV AVA VAG AGK GKG KGS GSY SYY YYF YFD FDS	0	AAWDDSLNDWV	IGLV1-36*01	IGLJ3*02	VKDRVAVAGKGSYYFDS	IGHV3-23*01	IGHJ5*01
412	QQH QHY HYR YRT RTP TPP PPT	AKD KDS DSQ SQL QLR LRS RSL SLL LLY LYF YFE FEW EWL WLS LSQ SQG QGY GYF YFD FDY	0	QQHYRTPPT	IGKV4-1*01	IGKJ1*01	AKDSQLRSLLYFEWLSQGYFDY	IGHV3-30-3*02	IGHJ4*01
1402	SSY SYA YAG AGS GSN SNN NNF NFA FAV	ARV RVS VSR SRG RGG GGS GSF SFS FSD	0	SSYAGSNNFAV	IGLV2-8*01	IGLJ3*01	ARVSRGGSFSD	IGHV3-7*02	IGHJ1*01
810	QQY QYE YEF	TRG RGK GKY KYC YCT CTA TAR ARD RDY DYY YYN YNW NWD WDF DFE FEH	0	QQYEF	IGKV3-20*01	IGKJ1*01	TRGKYCTARDYYNWDFEH	IGHV1-18*04	IGHJ1*01
19708	QQY QYG YGT GTS TSP SPL PLT	ASR SRQ RQH QHH HHE HEY EYF YFQ FQE	0	QQYGTSPLT	IGKV3-20*01	IGKJ4*01	ASRQHHEYFQE	IGHV1-69*02	IGHJ1*01
1469	AAW AWD WDD DDS DSL SLN LNG NGP GPV	ARD RDW DWG WGS GSN SNY NYV YVW VWG WGS GSY SYP YPK PKY	0	AAWDDSLNGPV	IGLV1-44*01	IGLJ3*01	ARDWGSNYVWGSYPKY	IGHV1-46*01	IGHJ4*01
1365	SSY SYD YDD DDP DPN PNF NFQ FQV	ARY RYS YSY SYP YPF PFY FYS YSI SID IDY	0	SSYDDPNFQV	IGLV3-21*01	IGLJ3*01	ARYSYPFYSIDY	IGHV6-1*01	IGHJ4*01
1003	QQA QAN ANS NSF SFP FPI PIT	ARF RFY FYD YDS DSF SFF FFD FDI	0	QQANSFPIT	IGKV1-12*01	IGKJ5*01	ARFYDSFFDI	IGHV3-23*01	IGHJ3*02
926	KSL SLT LTS TST STR TRR RRR RRV	VRE REA EAG AGG GGP GPD PDY DYR YRN RNG NGY GYN YNX NXX XXD XDF DFY FYD YDG DGY GYY YYN YNY NYH YHY HYM YMD MDV	0	KSLTSTRRRV	IGLV2-14*01	IGLJ3*01	VREAGGPDYRNGYNXXDFYDGYYNYHYMDV	IGHV3-30*03	IGHJ6*04
1274	QQY QYN YNN NNW NWP WPP PPR PRY RYT	AGV GVY VYE YEG EGE GEA EAD ADE DEG EGE GEY EYD YDN DNN NNG NGF GFL FLK LKH	0	QQYNNWPPRYT	IGKV3D-15*01	IGKJ5*01	AGVYEGEADEGEYDNNGFLKH	IGHV1-69*02	IGHJ1*01
201007	QAW AWD WDS DSS SSA SAL ALV	ARG RGP GPL PLS LSR SRG RGY GYY YYD YDY	0	QAWDSSALV	IGLV3-1*01	IGLJ3*01	ARGPLSRGYYDY	IGHV1-69D*01	IGHJ4*02
876	SSY SYT YTS TSS SSS SST STR TRV	ARI RIK IKL KLG LGT GTV TVT VTT TTV TVD VDY	0	SSYTSSSTRV	IGLV2-14*01	IGLJ1*01	ARIKLGTVTTVDY	IGHV3-23*01	IGHJ4*01
865	QQI QIS ISQ SQY QYP YPI PIT	ART RTG TGM GMY MYF YFG FGF GFF FFH FHH HHS HSW SWS WSN SNA NAA AAL ALD LDY	0	QQISQYPIT	IGKV1D-39*01	IGKJ1*01	ARTGMYFGFFHHSWSNAALDY	IGHV3-66*02	IGHJ4*01
19706	QQY QYY YYN YNY NYP YPL PLT	ARF RFV FVN VNW NWD WDG DGD GDY DYM YMD MDY	0	QQYYNYPLT	IGKV1D-39*01	IGKJ1*01	ARFVNWDGDYMDY	IGHV3-66*02	IGHJ4*01
202466	QQR QRD RDN DNW NWP WPP PPD PDA DAT	AKE KEG EGG GGD GDN DNK NKF KFS FSF SFD FDY	0	QQRDNWPPDAT	IGKV3-11*01	IGKJ1*01	AKEGGDNKFSFDY	IGHV3-30*18	IGHJ4*02
313	QQH QHD HDY DYP YPY PYT	ARL RLG LGS GSD SDY DYD YDV DVW VWF WFD FDY	0	QQHDYPYT	IGKV3-11*01	IGKJ2*01	ARLGSDYDVWFDY	IGHV2-5*09	IGHJ4*01
19551	ASA SAT ATL TLL LLD LDT DTY TYV	ARE REP EPD PDY DYY YYD YDS DSS SSG SGY GYY YYP YPI PID IDA DAF AFD FDI	0	ASATLLDTYV	IGLV2-14*01	IGLJ1*01	AREPDYYDSSGYYPIDAFDI	IGHV1-69D*01	IGHJ3*02
19638	QES ESY SYS YSS SSV SVP VPM PMY MYI	TAD ADE DEG EGA GAP API PIL ILR LRF RFF FFE FEW EWG WGY GYY YYN YNY NYY YYM YMD MDV	0	QESYSSVPMYI	IGKV1D-39*01	IGKJ3*01	TADEGAPILRFFEWGYYNYYMDV	IGHV3-15*04	IGHJ6*04
1358	YSY SYA YAD ADG DGV GVA	ARE REM EMF MFD FDS DSS SSA SAD ADW DWS WSP SPW PWR WRG RGM GMV MVA	0	YSYADGVA	IGLV2-23*02	IGLJ3*01	AREMFDSSADWSPWRGMVA	IGHV1-2*02	IGHJ6*02
866	QQS QSS SSS SSS SSL SLI LIT	ARY RYE YET ETL TLY LYW YWP WPY PYQ YQN QNS NSG SGM GMD MDY	0	QQSSSSLIT	IGKV1D-39*01	IGKJ1*01	ARYETLYWPYQNSGMDY	IGHV3-66*02	IGHJ4*01
19824	QQS QSY SYS YST STP TPL PLT	ARD RDR DRG RGI GIG IGA GAR ARR RRG RGP GPY PYY YYM YMD MDV	0	QQSYSTPLT	IGKV1D-39*01	IGKJ4*01	ARDRGIGARRGPYYMDV	IGHV3-33*01	IGHJ6*04
357	SSY SYT YTS TSS SST STP TPY PYV YVL	ARE REF EFS FSS SSY SYT YTD TDH DHL HLE LEY EYY YYY YYD YDY DYY YYY YYM YMD MDV	0	SSYTSSTPYVL	IGLV2-14*01	IGLJ3*01	AREFSSYTDHLEYYYDYYYMDV	IGHV3-7*02	IGHJ6*04
1040	QQY QYY YYS	AKI KIS ISG SGS GSY SYS YSF SFD FDY	0	QQYYS	IGKV4-1*01	IGKJ4*01	AKISGSYSFDY	IGHV1-2*02	IGHJ4*01
989	AAW AWD WDD DDS DSL SLN LNG NGW GWV	ARV RVQ VQY QYS YSG SGY GYY YYD YDW DWF WFD FDP	0	AAWDDSLNGWV	IGLV1-44*01	IGLJ3*02	ARVQYSGYYDWFDP	IGHV5-10-1*03	IGHJ5*02
1219	QQH QHD HDS DSS SSP SPY PYT	ASP SPY PYP YPN PND NDY DYN YND NDY DYA YAP APE PEE EEG EGM GMS MSW SWY WYF YFD FDL	0	QQHDSSPYT	IGKV1-5*03	IGKJ2*01	ASPYPNDYNDYAPEEGMSWYFDL	IGHV1-69D*01	IGHJ2*01
19784	QST STD TDS DSS SSG SGT GTS TSW SWV	ARD RDP DPI PIV IVG VGH GHT HTR TRD RDG DGL GLD LDV	0	QSTDSSGTSWV	IGLV3-25*03	IGLJ3*02	ARDPIVGHTRDGLDV	IGHV3-30*11	IGHJ6*02
19790	QQY QYE YEF	TRG RGK GKY KYC YCT CTA TAR ARD RDY DYY YYN YNW NWD WDF DFE FEH	0	QQYEF	IGKV3S7*01	IGKJ1*01	TRGKYCTARDYYNWDFEH	IGHV1-18*04	IGHJ1*01
562	QQF QFE FEF	VRR RRG RGS GSS SSC SCP CPH PHC HCG CGD GDF DFH FHF HFE FEH	0	QQFEF	IGKV3D-11*01	IGKJ5*01	VRRGSSCPHCGDFHFEH	IGHV1-2*02	IGHJ1*01
304	QQH QHD HDS DSS SSP SPY PYT	ASP SPY PYP YPN PND NDX DXN XND NDX DXA XAP APE PEE EEG EGM GMS MSW SWY WYF YFD FDL	0	QQHDSSPYT	IGKV1-5*03	IGKJ2*01	ASPYPNDXNDXAPEEGMSWYFDL	IGHV1-69D*01	IGHJ2*01
19783	QQY QYG YGS GSS SSP SPY PYT	ARG RGI GIA IAS ASA SAG AGT GTP TPD PDY DYF YFF FFY	0	QQYGSSPYT	IGKV3-20*01	IGKJ2*01	ARGIASAGTPDYFFY	IGHV1-69D*01	IGHJ4*01
638	NAF AFE FEF	ARR RRM RMR MRS RSQ SQD QDR DRE REW EWD WDF DFQ FQH	0	NAFEF	IGLV2-14*02	IGLJ3*01	ARRMRSQDREWDFQH	IGHV1-2*02	IGHJ1*01
19827	QQY QYY YYT YTA TAS ASP SPF	AKL KLL LLV LVG VGI GIT ITT TTD TDV DVF VFD FDV	1	QQYYTASPF	IGKV4-1*01	IGKJ4*01	AKLLVGITTDVFDV	IGHV3-33*03	IGHJ3*01
738	QSY SYD YDS DSS SSL SLS LSG SGS GSV	ARV RVE VEG EGV GVR VRG RGV GVM VMG MGF GFH FHY HYY YYP YPM PMD MDV	0	QSYDSSLSGSV	IGLV1-40*01	IGLJ3*01	ARVEGVRGVMGFHYYPMDV	IGHV1-18*04	IGHJ6*02
19770	ASY SYA YAG AGS GSG SGI GIY IYV	ARL RLA LAI AIG IGD GDS DSY	0	ASYAGSGIYV	IGLV2-23*02	IGLJ1*01	ARLAIGDSY	IGHV3-23*01	IGHJ3*01
394	ASW SWD WDD DDS DSR SRG RGG GGP GPD PDY DYV	ARL RLH LHY HYS YSD SDR DRS RSG SGS GSY SYF YFN FND NDV DVF VFH FHM	0	ASWDDSRGGPDYV	IGLV1-47*01	IGLJ1*01	ARLHYSDRSGSYFNDVFHM	IGHV5-51*01	IGHJ6*02
207	QQY QYL YLG LGS GSP SPP PPT	ARG RGE GEL ELP LPY PYY YYR YRM RMS MSK SKV KVM VMD MDV	0	QQYLGSPPT	IGKV1D-39*01	IGKJ1*01	ARGELPYYRMSKVMDV	IGHV3-23*04	IGHJ6*02
466	QQS QSN SNR NRA RAP APA PAT	AKW KWW WWA WAW AWP WPA PAF AFD FDY	0	QQSNRAPAT	IGKV1S22*01	IGKJ1*01	AKWWAWPAFDY	IGHV3-66*02	IGHJ4*01
854	CSY SYA YAG AGG GGK GKS KSL SLV	ARD RDG DGV GVR VRY RYY YYY YYD YDS DST STG TGY GYY YYP YPD PDN DNF NFF FFQ FQY QYG YGL GLD LDV	0	CSYAGGKSLV	IGLV2-23*02	IGLJ3*01	ARDGVRYYYDSTGYYPDNFFQYGLDV	IGHV3-74*01	IGHJ6*02
8696	ISY SYI YIS ISS SSN SNT NTR TRL	VRG RGV GVI VID IDK DKF KFD FDY	0	ISYISSNTRL	IGLV2-14*01	IGLJ3*01	VRGVIDKFDY	IGHV3-21*03	IGHJ2*01
19754	QQD QDG DGW GWS WSL SLI LIT	ARG RGY GYG YGW GWA WAL ALD LDY	0	QQDGWSLIT	IGKV1D-13*01	IGKJ1*01	ARGYGWALDY	IGHV3-66*02	IGHJ4*01
415	QVW VWD WDS DSS SSS SSD SDH DHV HVI	ARG RGG GGL GLE LEP EPR PRS RSV SVD VDY DYY YYY YYY YYG YGM GMD MDV	0	QVWDSSSDHVI	IGLV3-21*02	IGLJ3*01	ARGGLEPRSVDYYYYGMDV	IGHV1-2*04	IGHJ6*02
667	HIW IWD WDS DSR SRR RRP RPT PTN TNW NWV	ATT TTK TKH KHG HGR GRR RRI RIY IYG YGV GVV VVA VAF AFK FKE KEW EWF WFT FTY TYF YFY FYM YMD MDV	0	HIWDSRRPTNWV	IGLV3-21*01	IGLJ3*02	ATTKHGRRIYGVVAFKEWFTYFYMDV	IGHV4-59*02	IGHJ6*04
919	QQF QFK FKR KRQ RQK QKE KEP EPI PIT	ART RTW TWY WYY YYG YGF GFD FDY	0	QQFKRQKEPIT	IGKV1D-13*01	IGKJ1*01	ARTWYYGFDY	IGHV3-48*01	IGHJ4*01
19641	QQY QYN YND NDW DWP WPP PPW PWT	AKD KDW DWA WAL ALF LFR FRW RWL WLR LRT RTF TFD FDH	0	QQYNDWPPWT	IGKV3D-15*01	IGKJ1*01	AKDWALFRWLRTFDH	IGHV3-30*18	IGHJ1*01
1581	QQY QYE YEF	ARE RER ERS RSD SDF DFW FWD WDF DFD FDL	0	QQYEF	IGKV1D-33*01	IGKJ3*01	ARERSDFWDFDL	IGHV1-2*02	IGHJ2*01
19637	QES ESY SYS YSS SSV SVP VPM PMY MYI	TAD ADE DEG EGA GAP API PIL ILR LRF RFF FFE FEW EWG WGY GYY YYN YNY NYY YYM YMD MDV	0	QESYSSVPMYI	IGKV1D-39*01	IGKJ3*01	TADEGAPILRFFEWGYYNYYMDV	IGHV3-15*04	IGHJ6*04
19556	CSY SYT YTH THN HNS NSG SGC GCV	AKG KGL GLL LLR LRD RDG DGS GSS SST STW TWL WLP LPY PYL	0	CSYTHNSGCV	IGLV2-14*02	IGLJ1*01	AKGLLRDGSSTWLPYL	IGHV1-18*04	IGHJ1*01
764	MQA QAL ALQ LQI QIP IPR PRT	ARD RDR DRS RSY SYY YYA YAF AFS FSS SSG SGS GSL SLS LSD SDY DYY YYY YYG YGL GLD LDV	0	MQALQIPRT	IGKV2-28*01	IGKJ1*01	ARDRSYYAFSSGSLSDYYYGLDV	IGHV3-21*03	IGHJ6*02
1022	QVW VWD WDD DDS DSI SIN INA NAY AYV	ARE REF EFH FHS HSG SGL GLG LGW GWH WHF HFD FDL	0	QVWDDSINAYV	IGLV3-21*02	IGLJ1*01	AREFHSGLGWHFDL	IGHV3-7*02	IGHJ2*01
891	QQY QYE YEF	VRT RTA TAD ADC DCE CER ERD RDP DPC PCK CKG KGW GWV WVF VFP FPH	0	QQYEF	IGKV3-20*01	IGKJ1*01	VRTADCERDPCKGWVFPH	IGHV1-2*04	IGHJ1*01
955	QQS QST STG TGH GHP HPQ PQT	ART RTY TYG YGI GIY IYD YDL DLY LYV YVD VDY DYT YTE TEY EYV YVM VMD MDY	0	QQSTGHPQT	IGKV1D-39*01	IGKJ1*01	ARTYGIYDLYVDYTEYVMDY	IGHV3-66*02	IGHJ4*01
999	QQY QYG YGG GGS GSP SPY PYT	ARG RGT GTD TDY DYT YTI TID IDD DDQ DQG QGI GIF IFY FYK YKG KGS GSG SGT GTF TFW FWY WYF YFD FDL	0	QQYGGSPYT	IGKV3-20*01	IGKJ1*01	ARGTDYTIDDQGIFYKGSGTFWYFDL	IGHV3-20*01	IGHJ2*01
1327	QQY QYD YDG DGL GLP LPF PFT	AKH KHM HMS MSM SMQ MQQ QQV QVV VVS VSA SAG AGW GWE WER ERA RAD ADL DLV LVG VGD GDA DAF AFD FDV	0	QQYDGLPFT	IGKV1D-33*01	IGKJ3*01	AKHMSMQQVVSAGWERADLVGDAFDV	IGHV3-23*01	IGHJ3*01
482	SSY SYD YDD DDP DPN PNF NFQ FQV	ARY RYS YSY SYP YPF PFY FYS YSI SID IDY	0	SSYDDPNFQV	IGLV3-21*01	IGLJ3*01	ARYSYPFYSIDY	IGHV6-1*01	IGHJ4*01
1224	MQG QGL GLH LHS HSP SPW PWT	LTG TGS GSK SKH KHR HRL RLR LRD RDY DYF YFL FLY LYN YNE NEY EYG YGP GPN PNY NYE YEE EEW EWG WGD GDY DYL YLA LAT ATL TLD LDV	0	MQGLHSPWT	IGKV2-28*01	IGKJ1*01	LTGSKHRLRDYFLYNEYGPNYEEWGDYLATLDV	IGHV1-8*01	IGHJ6*02
396	QAW AWD WDA DAS AST STG TGV	TRL RLY LYL YLF LFE FEG EGA GAQ AQS QSS SSN SNA NAF AFD FDL	0	QAWDASTGV	IGLV3-1*01	IGLJ3*01	TRLYLFEGAQSSNAFDL	IGHV5-51*01	IGHJ3*01
637	QQY QYE YET	ARA RAQ AQK QKR KRG RGR GRS RSE SEW EWA WAY AYA YAH	0	QQYET	IGKV1D-33*01	IGKJ3*01	ARAQKRGRSEWAYAH	IGHV1-18*04	IGHJ1*01
1381	QVW VWD WDS DSR SRT RTD TDH DHW HWV	ARG RGR GRG RGF GFH FHY HYY YYY YYY YYG YGM GMD MDI	0	QVWDSRTDHWV	IGLV3-21*02	IGLJ3*02	ARGRGFHYYYYGMDI	IGHV3-9*01	IGHJ6*02
26786	QQY QYY YYS YSS SSP SPP PPT	AKD KDL DLS LSP SPP PPY PYS YSY SYA YAW AWD WDI DIF IFQ FQY	0	QQYYSSPPT	IGKV4-1*01	IGKJ4*01	AKDLSPPYSYAWDIFQY	IGHV3-30-3*02	IGHJ1*01
19574	MQN QNK NKQ KQT QTP TPL PLT	VIR IRG RGD GDV DVY VYN YNR NRQ	0	MQNKQTPLT	IGKV2-28*01	IGKJ5*01	VIRGDVYNRQ	IGHV3-73*01	IGHJ1*01
19760	QQS QSP SPQ PQG QGY GYL YLV LVT	ARE REY EYH YHS HSY SYV YVY VYE YEP EPP PPL PLY LYG YGM GMD MDY	0	QQSPQGYLVT	IGKV1D-39*01	IGKJ1*01	AREYHSYVYEPPLYGMDY	IGHV3-66*02	IGHJ4*01
9248	HIW IWD WDS DSR SRR RRP RPT PTN TNW NWV	ATT TTK TKH KHG HGR GRR RRI RIY IYG YGV GVV VVA VAF AFK FKE KEW EWF WFT FTY TYF YFY FYM YMD MDV	0	HIWDSRRPTNWV	IGLV3-21*01	IGLJ3*02	ATTKHGRRIYGVVAFKEWFTYFYMDV	IGHV4-59*02	IGHJ6*04
1580	QQY QYK YKH KHW HWP WPP PPY PYT	ARA RAP APS PSG SGY GYP YPG PGV GVS VSL SLY LYQ YQY QYY YYG YGL GLD LDV	0	QQYKHWPPYT	IGKV3D-15*01	IGKJ2*01	ARAPSGYPGVSLYQYYGLDV	IGHV4-34*01	IGHJ6*02
504	QQY QYD YDG DGL GLP LPF PFT	AKH KHM HMS MSM SMQ MQQ QQV QVV VVS VSA SAG AGW GWE WER ERA RAD ADL DLV LVG VGD GDA DAF AFD FDV	0	QQYDGLPFT	IGKV1D-33*01	IGKJ3*01	AKHMSMQQVVSAGWERADLVGDAFDV	IGHV3-23*01	IGHJ3*01
201044	QQR QRS RSS SSW SWP WPP PPI PIT	ARE REG EGL GLS LSR SRE REK EKN KNG NGY GYS YSG SGL GLI LID IDY	0	QQRSSWPPIT	IGKV3-11*01	IGKJ5*01	AREGLSREKNGYSGLIDY	IGHV3-30*03	IGHJ4*02
666	HIW IWD WDS DSR SRR RRP RPT PTN TNW NWV	ATT TTK TKH KHG HGR GRR RRI RIY IYG YGV GVV VVA VAF AFK FKE KEW EWF WFT FTY TYF YFY FYM YMD MDV	0	HIWDSRRPTNWV	IGLV3-21*01	IGLJ3*02	ATTKHGRRIYGVVAFKEWFTYFYMDV	IGHV4-59*02	IGHJ6*04
1383	QQY QYE YEF	TRG RGK GKY KYC YCT CTA TAR ARD RDY DYY YYN YNW NWD WDF DFE FEH	0	QQYEF	IGKV3-20*01	IGKJ1*01	TRGKYCTARDYYNWDFEH	IGHV1-18*04	IGHJ1*01
9231	QQS QSY SYT YTT TTP TPP PPT	ARR RRL RLA LAL ALV LVR VRM RMW MWM WMD MDY	0	QQSYTTPPT	IGKV1D-39*01	IGKJ1*01	ARRLALVRMWMDY	IGHV3-66*02	IGHJ4*01
1571	KQY QYA YAD ADY DYW YWT	ARD RDR DRY RYS YSP SPT PTG TGH GHY HYY YYG YGM GMD MDV	0	KQYADYWT	IGKV1-5*03	IGKJ1*01	ARDRYSPTGHYYGMDV	IGHV3-13*04	IGHJ6*02
8679	QSY SYD YDR DRS RSL SLS LSG SGV	ARA RAR ARA RAT ATG TGY GYN YNS NSI SIT ITP TPY PYF YFD FDI	0	QSYDRSLSGV	IGLV1-40*02	IGLJ1*01	ARARATGYNSITPYFDI	IGHV3-21*03	IGHJ5*01
291	QQS QSY SYA YAT ATL TLP LPT	ARN RNA NAL ALY LYG YGS GSG SGG GGY GYY YYA YAM AMD MDY	0	QQSYATLPT	IGKV1D-39*01	IGKJ1*01	ARNALYGSGGYYAMDY	IGHV3-66*02	IGHJ4*01
201246	AAW AWD WDD DDS DSL SLN LNG NGW GWV	AKD KDV DVT VTY TYL YLY LYD YDS DSS SSG SGY GYY YYY YYG YGG GGA GAD ADR DRD RDY DYY YYF YFD FDY	0	AAWDDSLNGWV	IGLV1-44*01	IGLJ3*02	AKDVTYLYDSSGYYYGGADRDYYFDY	IGHV3-23*01	IGHJ4*02
928	MQA QAL ALQ LQT QTP TPL PLT	ARH RHA HAS ASC SCS CSA SAR ARS RSC SCY CYW YWG WGP GPV PVD VDY	0	MQALQTPLT	IGKV2-28*01	IGKJ4*01	ARHASCSARSCYWGPVDY	IGHV5-51*01	IGHJ4*01
356	QQY QYG YGQ GQS QSL SLS LST	ARE REG EGT GTT TTG TGA GAG AGW GWL WLG LGK GKP KPI PIG IGA GAF AFA FAH	0	QQYGQSLST	IGKV3-20*01	IGKJ1*01	AREGTTGAGWLGKPIGAFAH	IGHV1-69*10	IGHJ1*01
924	MQP QPL PLQ LQS QSY SYT	ARE REN ENA NAD ADY DYG YGS GSD SDY DYY YYF YFG FGM GMD MDV	0	MQPLQSYT	IGKV2-28*01	IGKJ2*01	ARENADYGSDYYFGMDV	IGHV3-66*03	IGHJ6*02
411	QQH QHY HYR YRT RTP TPP PPT	AKD KDS DSQ SQL QLR LRS RSL SLL LLY LYF YFE FEW EWL WLS LSQ SQG QGY GYF YFD FDP	0	QQHYRTPPT	IGKV4-1*01	IGKJ1*01	AKDSQLRSLLYFEWLSQGYFDP	IGHV3-30-3*02	IGHJ5*02
545	AAW AWD WDD DDS DSL SLS LSG SGP GPA PAV AVV	ARQ RQQ QQD QDS DSG SGY GYS YSG SGP GPE PEV EVS VSY SYY YYS YSH SHY HYG YGM GMD MDV	0	AAWDDSLSGPAVV	IGLV1-44*01	IGLJ3*01	ARQQDSGYSGPEVSYYSHYGMDV	IGHV3-33*01	IGHJ6*02
1403	GTW TWD WDS DSS SSL SLS LSA SAW AWV	ARS RSS SSR SRI RIY IYD YDL DLN LNP NPS PSL SLT LTA TAY AYY YYD YDM DMD MDV	0	GTWDSSLSAWV	IGLV1-51*01	IGLJ3*02	ARSSRIYDLNPSLTAYYDMDV	IGHV1-69D*01	IGHJ6*02
413	GTW TWD WDS DSR SRL RLG LGI GIA IAV	VGL GLD LDW DWN WNY NYN YNP NPL PLR LRY	0	GTWDSRLGIAV	IGLV1-51*01	IGLJ7*01	VGLDWNYNPLRY	IGHV5-51*01	IGHJ4*01
19552	SSY SYT YTR TRR RRD RDT DTY TYV	ARE REP EPD PDY DYY YYD YDS DSS SSG SGY GYY YYP YPI PID IDA DAF AFD FDI	0	SSYTRRDTYV	IGLV2-14*01	IGLJ1*01	AREPDYYDSSGYYPIDAFDI	IGHV1-69D*01	IGHJ3*02
169	CSY SYT YTT TTI TIN INT NTW TWV	ARG RGR GRR RRD RDV DVR VRG RGV GVL VLW LWR WRG RGR GRH RHD HDY DYF YFD FDF	0	CSYTTINTWV	IGLV2-23*02	IGLJ3*02	ARGRRDVRGVLWRGRHDYFDF	IGHV1-3*01	IGHJ5*01
19789	QQS QSY SYS YST STP TPY PYT	ARA RAT ATN TNY NYD YDS DSS SSG SGY GYY YYS YSL SLY LYF YFD FDY	0	QQSYSTPYT	IGKV1D-39*01	IGKJ4*01	ARATNYDSSGYYSLYFDY	IGHV2-70*11	IGHJ4*01
19803	SSR SRD RDS DSS SSG SGN GNH NHW HWV	ARS RSR SRD RDL DLL LLL LLF LFP FPH PHH HHA HAL ALS LSP	0	SSRDSSGNHWV	IGLV3-19*01	IGLJ3*02	ARSRDLLLFPHHALSP	IGHV1-69D*01	IGHJ3*01
50	QQG QGL GLL LLS LSP SPL PLT	ARF RFV FVF VFF FFL FLP LPY PYA YAM AMD MDY	0	QQGLLSPLT	IGKV1S22*01	IGKJ1*01	ARFVFFLPYAMDY	IGHV3-23*04	IGHJ4*01
209	QQY QYS YSY SYY YYY YYY YYP YPF PFT	ARY RYY YYG YGT GTG TGA GAM AMD MDY	0	QQYSYYYYPFT	IGKV1D-39*01	IGKJ1*01	ARYYGTGAMDY	IGHV3-48*01	IGHJ4*01
19800	HQY QYY YYS YSS SSP SPL PLT	ALL LLT LTV TVL VLT LTP TPD PDD DDA DAF AFD FDI	1	HQYYSSPLT	IGKV4-1*01	IGKJ4*01	ALLTVLTPDDAFDI	IGHV1-3*01	IGHJ3*02
19559	SAW AWG WGD GDK DKG KGM GMV	ARG RGF GFG FGT GTD TDF	0	SAWGDKGMV	IGLV3-1*01	IGLJ3*01	ARGFGTDF	IGHV3-23*04	IGHJ5*01
19687	GTF TFA FAG AGG GGS GSY SYY YYG YGV	ARG RGG GGW GWF WFD FDY	0	GTFAGGSYYGV	IGLV2-23*02	IGLJ3*01	ARGGWFDY	IGHV1-2*02	IGHJ4*01
8740	QSS SSD SDR DRF RFG FGS GSR SRY RYV	AAG AGF GFH FHY	0	QSSDRFGSRYV	IGLV3-25*03	IGLJ1*01	AAGFHY	IGHV1-18*04	IGHJ4*01
19563	MQG QGL GLH LHS HSP SPW PWT	LTG TGS GSK SKH KHR HRL RLR LRD RDY DYF YFL FLY LYN YNE NEY EYG YGP GPN PNY NYE YEE EEW EWG WGD GDY DYL YLA LAT ATL TLD LDV	0	MQGLHSPWT	IGKV2-28*01	IGKJ1*01	LTGSKHRLRDYFLYNEYGPNYEEWGDYLATLDV	IGHV1-8*01	IGHJ6*02
19557	QQY QYG YGQ GQS QSL SLS LST	ARE REG EGT GTT TTP TPP PPG PGW GWG WGW GWL WLG LGK GKP KPI PIG IGA GAF AFA FAH	0	QQYGQSLST	IGKV3-20*01	IGKJ1*01	AREGTTPPGWGWLGKPIGAFAH	IGHV1-69*10	IGHJ1*01
906	TSH SHP HPY PYA	ARE RER ERG RGR GRH RHF HFE FEP EPK PKN KNR NRD RDN DNL NLE LEG EGK GKF KFF FFD FDL	0	TSHPYA	IGLV2-23*02	IGLJ1*01	ARERGRHFEPKNRDNLEGKFFDL	IGHV1-69D*01	IGHJ2*01
202253	NSR SRD RDS DST STN TND NDP DPV PVL	ARW RWS WSG SGT GTY TYY YYD YDY	0	NSRDSTNDPVL	IGLV3-19*01	IGLJ3*01	ARWSGTYYDY	IGHV3-66*02	IGHJ4*02
536	QQL QLE LEF	ARQ RQK QKF KFY FYT YTG TGG GGQ GQG QGW GWY WYF YFD FDL	0	QQLEF	IGKV3-20*01	IGKJ5*01	ARQKFYTGGQGWYFDL	IGHV1-2*02	IGHJ2*01
36473	QQY QYG YGR GRS RSP SPF PFT	AKV KVG VGE GEY EYY YYD YDF DFW FWS WSG SGY GYS YSP SPF PFD FDS	0	QQYGRSPFT	IGKV3-20*01	IGKJ3*01	AKVGEYYDFWSGYSPFDS	IGHV3-23*01	IGHJ5*01
59128	QQY QYY YYS YST STP TPY PYT	AGG GGS GSG SGI GIS IST STP TPM PMD MDV	0	QQYYSTPYT	IGKV4-1*01	IGKJ1*01	AGGSGISTPMDV	IGHV5-51*01	IGHJ6*01
201247	QQY QYS YSN SNW NWP WPR PRT	ARA RAP APD PDD DDY DYY YYD YDS DSV SVG VGY GYY YYY YYG YGC GCP CPY PYF YFD FDS	0	QQYSNWPRT	IGKV3D-15*01	IGKJ2*01	ARAPDDYYDSVGYYYGCPYFDS	IGHV4-4*08	IGHJ5*01
1025	QQY QYY YYS YSA SAP APL PLT	VRE REG EGP GPR PRA RAT ATG TGY GYS YSM SMA MAD ADV DVF VFD FDI	0	QQYYSAPLT	IGKV4-1*01	IGKJ4*01	VREGPRATGYSMADVFDI	IGHV3-21*03	IGHJ3*02
19584	QQF QFS FSS SSY SYP YPY PYT	ARE REN ENY NYG YGS GSV SVY	0	QQFSSYPYT	IGKV6-23*01	IGKJ2*01	ARENYGSVY	IGHV1-81*01	IGHJ2*01
19589	QHF HFY FYS YSV SVP VPW PWT	AKD KDR DRG RGP GPR PRG RGV GVG VGE GEL ELF LFD FDS	0	QHFYSVPWT	IGKV1-5*03	IGKJ1*01	AKDRGPRGVGELFDS	IGHV3-23*01	IGHJ5*01
392	AAW AWD WDD DDS DSL SLS LSG SGP GPY PYV	TRD RDR DRS RSR SRV RVR VRY RYF YFD FDR DRE RES ESG SGW GWF WFD FDP	0	AAWDDSLSGPYV	IGLV1-47*02	IGLJ3*01	TRDRSRVRYFDRESGWFDP	IGHV1-69*10	IGHJ5*02
137	MQA QAL	ARD RDG DGK GKC KCG CGG GGG GGR GRC RCY CYS YSG SGL GLL LLD LDY	0	MQAL	IGKV2-28*01	IGKJ5*01	ARDGKCGGGRCYSGLLDY	IGHV3-30*03	IGHJ3*01
28849	MQG QGT GTV TVG VGF GFT	AND NDI DIA IAG AGW GWG WGY GYD YDG DGS GSN SNA	1	MQGTVGFT	IGKV2-30*01	IGKJ3*01	ANDIAGWGYDGSNA	IGHV3-33*03	IGHJ1*01
909	QQS QSF SFQ FQT QTV TVG VGS	VRV RVT VTF TFY FYH YHE HEG EGS GSG SGY GYY YYY YYR YRA RAG AGN GNY NYF YFD FDS	0	QQSFQTVGS	IGKV1D-39*01	IGKJ3*01	VRVTFYHEGSGYYYRAGNYFDS	IGHV3-23*02	IGHJ5*01
936	AAW AWD WDD DDG DGL GLN LNG NGW GWV	ARD RDR DRG RGF GFD FDL DLL LLT LTG TGH GHY HYL YLG LGL GLD LDP	0	AAWDDGLNGWV	IGLV1-44*01	IGLJ3*02	ARDRGFDLLTGHYLGLDP	IGHV1-3*01	IGHJ5*02
8677	QQR QRS RSN SNW NWP WPP PPT	ARD RDR DRS RSY SYY YYL YLD LDY	0	QQRSNWPPT	IGKV3-11*01	IGKJ1*01	ARDRSYYLDY	IGHV3-30*11	IGHJ4*01
341	QQF QFD FDG DGD GDP DPT	ARH RHY HYE YEI EIQ IQI QIG IGR GRY RYG YGM GMN MNV NVY VYY YYL YLM LMY MYR YRF RFA FAS	0	QQFDGDPT	IGKV1S11*01	IGKJ1*01	ARHYEIQIGRYGMNVYYLMYRFAS	IGHV1-69*10	IGHJ5*01
1032	LQY QYN YNN NNW NWW WWT	VRN RNV NVG VGT GTA TAG AGS GSL SLL LLH LHY HYD YDH	0	LQYNNWWT	IGKV3D-15*01	IGKJ1*01	VRNVGTAGSLLHYDH	IGHV1-18*04	IGHJ6*02
36463	QQF QFG FGA GAS ASP SPP PPY PYS	AKK KKG KGW GWQ WQS QST STF TFL FLG LGM GMD MDY DYF YFY FYG YGM GMD MDV	0	QQFGASPPYS	IGKV3-20*01	IGKJ1*01	AKKGWQSTFLGMDYFYGMDV	IGHV3-48*01	IGHJ6*04
36459	CSY SYA YAS AST STS TST STV TVL	ARD RDP DPP PPR PRL RLD LDF DFW FWG WGN GNS NSP SPT PTF TFG FGY GYG YGM GMD MDV	0	CSYASTSTVL	IGLV2-23*02	IGLJ3*01	ARDPPRLDFWGNSPTFGYGMDV	IGHV1-46*01	IGHJ6*01
1320	AAW AWD WDD DDS DSL SLS LSA SAH AHV HVV	ARE REL ELL LLM LMD MDY DYY YYD YDH DHI HIG IGY GYS YSP SPG PGP GPT	0	AAWDDSLSAHVV	IGLV1-44*01	IGLJ3*01	ARELLMDYYDHIGYSPGPT	IGHV3-30*11	IGHJ1*01
587	QQY QYE YEE EEW EWP WPR PRT	ARH RHR HRH RHH HHD HDV DVF VFM FML MLV LVP VPI PIA IAG AGW GWF WFD FDV	0	QQYEEWPRT	IGKV3D-15*01	IGKJ3*01	ARHRHHDVFMLVPIAGWFDV	IGHV4-4*07	IGHJ3*01
1417	QAW AWD WDS DSN SNT NTG TGV	ARG RGP GPL PLS LSR SRG RGY GYY YYD YDY	0	QAWDSNTGV	IGLV3-1*01	IGLJ3*01	ARGPLSRGYYDY	IGHV1-69D*01	IGHJ4*01
19779	QQR QRN RNN NNW NWY WYT	AIM IMV MVA VAT ATT TTK TKN KND NDF DFH FHY HYY YYK YKD KDV	0	QQRNNWYT	IGKV3-11*01	IGKJ2*01	AIMVATTKNDFHYYKDV	IGHV3-9*01	IGHJ6*04
1006	QAW AWD WDS DSS SST STD TDV DVV	ARA RAV AVV VVF VFT FTD TDS DSS SSA SAY AYY YYY YYS YSK SKY KYF YFD FDY	0	QAWDSSTDVV	IGLV3-1*01	IGLJ3*01	ARAVVFTDSSAYYYSKYFDY	IGHV3-23*04	IGHJ4*01
325	WSF SFA FAG AGS GSY SYY YYV	AGE GEL ELL LLP LPY PYY YYG YGM GMD MDV	0	WSFAGSYYV	IGLV2-11*01	IGLJ1*01	AGELLPYYGMDV	IGHV3-23*01	IGHJ6*02
972	QSY SYD YDS DSN SNL NLS LSG SGS GSA SAV	ARE REG EGG GGA GAR ARG RGF GFD FDY	0	QSYDSNLSGSAV	IGLV1-40*01	IGLJ3*01	AREGGARGFDY	IGHV7-4-1*02	IGHJ4*01
19762	QQY QYY YYY YYG YGY GYP YPI PIT	ARY RYK YKY KYP YPY PYW YWS WSW SWY WYY YYY YYW YWG WGG GGM GMD MDY	0	QQYYYGYPIT	IGKV1D-39*01	IGKJ1*01	ARYKYPYWSWYYYWGGMDY	IGHV3-66*02	IGHJ4*01
161	ATW TWD WDD DDS DSL SLS LSA SAV AVI	ARL RLG LGP GPD PDD DDY DYT YTL TLD LDG DGM GMD MDV	0	ATWDDSLSAVI	IGLV1-47*01	IGLJ3*01	ARLGPDDYTLDGMDV	IGHV4-39*07	IGHJ6*02
367	QQF QFP FPT PTY TYL YLP LPT	ARG RGP GPF PFS FSP SPW PWV WVM VMD MDY	0	QQFPTYLPT	IGKV1S22*01	IGKJ1*01	ARGPFSPWVMDY	IGHV3-23*04	IGHJ4*01
8705	QTW TWG WGA GAG AGI GIL ILV	AKF KFS FSG SGK GKD KDC DCS CSG SGT GTS TSC SCR CRD RDY	0	QTWGAGILV	IGLV4-69*02	IGLJ3*01	AKFSGKDCSGTSCRDY	IGHV3-23*01	IGHJ4*01
546	QQY QYN YNN NNW NWP WPP PPW PWT	ARV RVG VGG GGE GEW EWG WGS GSG SGR GRY RYY YYL YLD LDH	0	QQYNNWPPWT	IGKV3D-15*01	IGKJ1*01	ARVGGEWGSGRYYLDH	IGHV1-69D*01	IGHJ1*01
8675	QQS QSS SSS SSS SSL SLI LIT	ARG RGY GYY YYY YYT YTG TGL GLW LWY WYP YPY PYA YAM AMY MYE YEF EFG FGM GMD MDY	0	QQSSSSLIT	IGKV1D-39*01	IGKJ1*01	ARGYYYTGLWYPYAMYEFGMDY	IGHV3-23*04	IGHJ4*01
8748	QQY QYY YYS YST STP TPL PLT	AKV KVG VGG GGS GSA SAY AYY YYE YED EDP DPY PYS YSL SLG LGY GYL YLD LDF	0	QQYYSTPLT	IGKV4-1*01	IGKJ4*01	AKVGGSAYYEDPYSLGYLDF	IGHV1-69D*01	IGHJ5*01
19636	QES ESY SYS YSS SST STP TPT PTH THI	TMD MDE DEG EGT GTP TPV PVT VTR TRF RFL FLE LEW EWG WGY GYF YFY FYY YYY YYM YMA MAV	0	QESYSSTPTHI	IGKV1D-39*01	IGKJ2*01	TMDEGTPVTRFLEWGYFYYYMAV	IGHV3-15*06	IGHJ6*02
1044	SSR SRD RDK DKS KSG SGS GSR SRL RLS LSV	ART RTG TGK GKY KYY YYD YDF DFW FWS WSG SGY GYP YPP PPG PGE GEE EEY EYF YFQ FQD	0	SSRDKSGSRLSV	IGLV3-19*01	IGLJ3*01	ARTGKYYDFWSGYPPGEEYFQD	IGHV3-74*03	IGHJ1*01
339	AAW AWD WDD DDS DSL SLN LNG NGP GPV	ARD RDW DWG WGS GSN SNY NYV YVW VWG WGS GSY SYP YPK PKY	0	AAWDDSLNGPV	IGLV1-44*01	IGLJ3*01	ARDWGSNYVWGSYPKY	IGHV1-46*01	IGHJ4*01
807	QQY QYE YEF	TRG RGK GKY KYC YCT CTA TAR ARD RDY DYY YYN YNW NWD WDF DFE FEH	0	QQYEF	IGKV3-20*01	IGKJ1*01	TRGKYCTARDYYNWDFEH	IGHV1-18*04	IGHJ1*01
37271	ASW SWD WDD DDS DSL SLS LSG SGH GHW HWV	ARV RVR VRS RSG SGT GTN TNY NYG YGS GSY SYY YYY YYY YYY YYY YYG YGM GMD MDV	0	ASWDDSLSGHWV	IGLV1-47*01	IGLJ3*02	ARVRSGTNYGSYYYYYYGMDV	IGHV1-8*01	IGHJ6*01
826	GTP TPD PDR DRS RSL SLS LSV SVV	ARD RDG DGA GAK AKT KTV TVS VSN SNS NSG SGL GLS LSL SLL LLY LYY YYH YHN HNR NRL RLD LDA	0	GTPDRSLSVV	IGLV1-51*01	IGLJ3*01	ARDGAKTVSNSGLSLLYYHNRLDA	IGHV1-2*02	IGHJ3*01
555	AVF VFQ FQW	ARD RDE DES ESG SGD GDD DDL DLK LKW KWH WHL HLH LHP	0	AVFQW	IGKV1D-39*01	IGKJ3*01	ARDESGDDLKWHLHP	IGHV1-2*02	IGHJ5*02
1030	LQY QYN YNN NNW NWW WWT	ARN RNV NVA VAT ATE TEG EGS GSL SLL LLH LHY HYD YDY	0	LQYNNWWT	IGKV3D-15*01	IGKJ1*01	ARNVATEGSLLHYDY	IGHV1-46*01	IGHJ4*01
1314	QQH QHN HNE NEY EYP YPY PYT	ARM RMG MGS GSD SDY DYD YDV DVW VWF WFD FDY	0	QQHNEYPYT	IGKV3-11*01	IGKJ2*01	ARMGSDYDVWFDY	IGHV2-26*01	IGHJ4*01
19711	QQR QRG RGN GNW NWP WPP PPI PIT	ARE REG EGL GLS LSR SRD RDN DNS NSG SGF GFT FTG TGL GLI LID IDY	0	QQRGNWPPIT	IGKV3-11*01	IGKJ5*01	AREGLSRDNSGFTGLIDY	IGHV3-30*03	IGHJ3*01
925	QQY QYD YDN DNL NLP LPP PPL PLT	ARD RDR DRI RIV IVD VDD DDY DYY YYY YYY YYG YGM GMD MDV	0	QQYDNLPPLT	IGKV1D-33*01	IGKJ4*01	ARDRIVDDYYYYGMDV	IGHV3-30*11	IGHJ6*02
524	SSR SRD RDK DKS KSG SGS GSR SRL RLS LSV	ART RTG TGK GKY KYY YYD YDF DFW FWS WSG SGY GYP YPP PPG PGE GEE EEY EYF YFQ FQD	0	SSRDKSGSRLSV	IGLV3-19*01	IGLJ3*01	ARTGKYYDFWSGYPPGEEYFQD	IGHV3-15*04	IGHJ1*01
432	AAW AWD WDD DDS DSL SLN LNG NGF GFW FWV	ART RTL TLR LRV RVS VSG SGD GDY DYV YVR VRD RDF DFD FDL	0	AAWDDSLNGFWV	IGLV1-44*01	IGLJ3*02	ARTLRVSGDYVRDFDL	IGHV2-70*13	IGHJ2*01
1347	QHY HYY YYT YTT TTH THR HRT	ARD RDD DDG DGY GYY YYD YDR DRS RSG SGY GYY YYG YGV GVF VFD FDL	0	QHYYTTHRT	IGKV4-1*01	IGKJ5*01	ARDDGYYDRSGYYGVFDL	IGHV3-11*01	IGHJ5*01
977	QQY QYG YGQ GQS QSL SLS LST	ARE REG EGT GTT TTG TGS GSG SGG GGK GKP KPI PIG IGA GAF AFA FAH	0	QQYGQSLST	IGKV3-20*01	IGKJ1*01	AREGTTGSGGKPIGAFAH	IGHV1-69*10	IGHJ1*01
1307	QQY QYR YRY RYS YSP SPR PRT	ARG RGG GGF GFG FGS GSF SFD FDT	0	QQYRYSPRT	IGKV3-11*01	IGKJ1*01	ARGGFGSFDT	IGHV3-9*01	IGHJ3*01
410	QQY QYG YGT GTS TSP SPR PRT	ARE REP EPP PPL PLF LFY FYS YSS SSW SWS WSL SLD LDN	0	QQYGTSPRT	IGKV3-20*01	IGKJ1*01	AREPPLFYSSWSLDN	IGHV1-18*04	IGHJ5*01
365	QHY HYD YDD DDL DLP LPR PRI RIT	ARA RAS ASY SYS YSS SSS SSS SSP SPY PYA YAF AFD FDI	0	QHYDDLPRIT	IGKV1D-33*01	IGKJ5*01	ARASYSSSSPYAFDI	IGHV1-69*05	IGHJ3*02
932	SSF SFA FAN ANS NSG SGP GPL	ARD RDR DRY RYF YFD FDL	0	SSFANSGPL	IGLV2-14*01	IGLJ6*01	ARDRYFDL	IGHV3-30*03	IGHJ2*01
19710	QHR HRD RDS DSW SWP WPP PPG PGA GAT	AKE KES ESD SDS DSC SCG CGG GGD GDC DCS CSR SRF RFA FAF AFD FDV	0	QHRDSWPPGAT	IGKV3-11*01	IGKJ4*01	AKESDSCGGDCSRFAFDV	IGHV3-33*03	IGHJ3*01
827	QQA QAN ANS NSF SFP FPY PYT	ARW RWN WNN NNW NWN WNH NHR HRG RGM GMV MVF VFA FAF AFD FDL	0	QQANSFPYT	IGKV1-12*01	IGKJ1*01	ARWNNWNHRGMVFAFDL	IGHV3-30*03	IGHJ3*01
19736	QQY QYY YYL YLI LIP IPS PST	ARV RVG VGP GPA PAD ADV DVW VWD WDS DSF SFD FDY	0	QQYYLIPST	IGKV4-1*01	IGKJ1*01	ARVGPADVWDSFDY	IGHV5-51*01	IGHJ4*01
544	QQY QYD YDN DNL NLP LPI PIT	ARG RGI GIS ISG SGS GSY SYG YGW GWF WFD FDP	0	QQYDNLPIT	IGKV1D-33*01	IGKJ5*01	ARGISGSYGWFDP	IGHV1-69D*01	IGHJ5*02
26782	SSY SYA YAG AGS GSV SVV	AKD KDL DLT LTL TLM LMY MYV YVF VFD FDS DSG SGW GWA WAR ARG RGA GAH AHD HDY DYY YYG YGM GMD MDV	0	SSYAGSVV	IGLV2-14*02	IGLJ3*01	AKDLTLMYVFDSGWARGAHDYYGMDV	IGHV1-2*02	IGHJ6*02
300	TSW SWD WDD DDS DSL SLD LDS DSQ SQL	ARL RLE LEP EPG PGY GYS YSS SST STW TWS WSV SVN	0	TSWDDSLDSQL	IGLV1-36*01	IGLJ3*01	ARLEPGYSSTWSVN	IGHV5-10-1*03	IGHJ1*01
19748	QVW VWD WDS DSS SSS SSD SDH DHV HVV	ARL RLP LPM PMV MVT VTM TMS MSF SFD FDY	0	QVWDSSSDHVV	IGLV3-21*01	IGLJ3*01	ARLPMVTMSFDY	IGHV4-39*07	IGHJ4*01
746	QKY KYG YGT GTS TSA SAI AIT	AVP VPD PDP DPD PDA DAF AFD FDI	0	QKYGTSAIT	IGKV3-20*01	IGKJ5*01	AVPDPDAFDI	IGHV1-24*01	IGHJ3*02
8704	YST STN TNS NSG SGG GGT GTF TFF FFV	AIL ILG LGF GFW FWG WGA GAN ANR NRG RGG GGG GGG GGM GMD MDV	0	YSTNSGGTFFV	IGLV3-10*01	IGLJ1*01	AILGFWGANRGGGGMDV	IGHV5-51*01	IGHJ6*02
1000	QQY QYG YGR GRS RSP SPY PYT	ARG RGT GTD TDY DYT YTI TID IDD DDQ DQG QGI GIR IRY RYQ YQG QGS GSG SGT GTF TFW FWY WYF YFD FDV	0	QQYGRSPYT	IGKV3-20*01	IGKJ1*01	ARGTDYTIDDQGIRYQGSGTFWYFDV	IGHV3-20*01	IGHJ2*01
19801	CSY SYV YVG VGS GSD SDT DTW TWV	ARV RVY VYS YSY SYG YGV GVP VPF PFD FDY	1	CSYVGSDTWV	IGLV2-23*02	IGLJ3*02	ARVYSYGVPFDY	IGHV7-4-1*02	IGHJ4*01
19727	QSY SYD YDR DRR RRL RLS LSG SGS GSW SWV	ARA RAA AAY AYY YYD YDT DTS TSG SGY GYG YGD GDY	1	QSYDRRLSGSWV	IGLV1-40*01	IGLJ3*02	ARAAYYDTSGYGDY	IGHV3-33*01	IGHJ4*01
28867	QQR QRS RSN SNW NWY WYT	AKS KST STG TGD GDN DNW NWF WFD FDP	1	QQRSNWYT	IGKV3-11*01	IGKJ2*01	AKSTGDNWFDP	IGHV3-33*03	IGHJ5*02
467	QQS QSN SNR NRA RAP APA PAT	AKW KWA WAW AWP WPA PAF AFD FDY	0	QQSNRAPAT	IGKV1S22*01	IGKJ1*01	AKWAWPAFDY	IGHV3-66*02	IGHJ4*01
535	QQS QSY SYT YTT TTP TPP PPT	ART RTW TWL WLL LLR LRW RWV WVM VMD MDL	0	QQSYTTPPT	IGKV1D-39*01	IGKJ1*01	ARTWLLRWVMDL	IGHV3-66*02	IGHJ6*02
574	SSL SLT LTD TDR DRS RSH SHR HRI	ARE REA EAG AGG GGP GPI PIW IWH WHD HDD DDV DVK VKY KYX YXD XDF DFN FND NDG DGY GYY YYN YNY NYH YHY HYM YMD MDV	0	SSLTDRSHRI	IGLV2-14*01	IGLJ6*01	AREAGGPIWHDDVKYXDFNDGYYNYHYMDV	IGHV3-30*03	IGHJ6*04
19635	QEN ENY NYN YNT NTI TIP IPS PSL SLS	TMD MDE DEG EGT GTP TPV PVT VTR TRF RFL FLE LEW EWG WGY GYF YFY FYY YYY YYM YMA MAV	0	QENYNTIPSLS	IGKV1D-39*01	IGKJ3*01	TMDEGTPVTRFLEWGYFYYYMAV	IGHV3-15*06	IGHJ6*02
28879	QQQ QQR QRI	TKR KRG RGG GGW GWG WGD GDG DGS GSD SDI	1	QQQRI	IGKV1D-33*01	IGKJ4*01	TKRGGWGDGSDI	IGHV3-33*03	IGHJ3*02
316	QQY QYS YSS SSY SYS YSS SSL SLF LFT	ARE REY EYY YYR YRW RWY WYT YTA TAI AID IDY	0	QQYSSYSSLFT	IGKV1D-39*01	IGKJ1*01	AREYYRWYTAIDY	IGHV3-66*02	IGHJ4*01
795	AAW AWD WDD DDS DSL SLN LNG NGW GWV	AKD KDG DGA GAY AYY YYY YYD YDY DYS YSG SGY GYP YPY PYD YDY DYN YNG NGI GID IDV	0	AAWDDSLNGWV	IGLV1-44*01	IGLJ3*02	AKDGAYYYDYSGYPYDYNGIDV	IGHV3-30*18	IGHJ6*02
353	QQY QYN YNN NNW NWP WPP PPR PRY RYT	AGV GVY VYE YEG EGE GEA EAD ADE DEG EGE GEY EYD YDN DNN NNG NGF GFL FLK LKH	0	QQYNNWPPRYT	IGKV3D-15*01	IGKJ5*01	AGVYEGEADEGEYDNNGFLKH	IGHV1-69*02	IGHJ1*01
395	QAW AWD WDA DAS AST STG TGV	TRL RLY LYL YLF LFE FEG EGA GAQ AQS QSS SSN SNA NAF AFD FDL	0	QAWDASTGV	IGLV3-1*01	IGLJ3*01	TRLYLFEGAQSSNAFDL	IGHV5-51*01	IGHJ3*01
164	GTW TWD WDM DMV MVT VTN TNN NNV	ARG RGL GLG LGA GAF AFH FHW HWD WDM DMQ MQP QPD PDY	0	GTWDMVTNNV	IGLV3-21*02	IGLJ3*01	ARGLGAFHWDMQPDY	IGHV3-30*03	IGHJ4*01
1411	QSA SAD ADS DSS SSG SGD GDY DYV	ARE REW EWA WAE AED EDG DGD GDF DFG FGN GNA NAF AFH FHV	0	QSADSSGDYV	IGLV3-25*03	IGLJ1*01	AREWAEDGDFGNAFHV	IGHV4-4*08	IGHJ3*01
1396	GTW TWD WDS DSS SSL SLS LSV SVW VWV	ARD RDH DHL HLG LGW GWS WSS SSI SIW IWS WSA SAP APE PES ESF SFL FLD LDY	0	GTWDSSLSVWV	IGLV1-51*01	IGLJ3*02	ARDHLGWSSIWSAPESFLDY	IGHV3-30*11	IGHJ4*01
380	QQW QWW WWW WWW WWP WPS PST	ARW RWW WWS WSS SSA SAM AMD MDY	0	QQWWWWPST	IGKV1D-39*01	IGKJ1*01	ARWWSSAMDY	IGHV3-23*04	IGHJ4*01
204643	SSY SYT YTT TTT TTS TSV SVV	ARL RLT LTA TAA AAD ADT DTI TIF IFD FDC	0	SSYTTTSVV	IGLV2-14*03	IGLJ3*01	ARLTAADTIFDC	IGHV2-5*09	IGHJ4*02
201248	AAW AWD WDD DDS DSL SLT LTV TVS	ARD RDL DLQ LQP QPP PPH PHS HSP SPY PYG YGM GMD MDV	0	AAWDDSLTVS	IGLV1-47*02	IGLJ1*01	ARDLQPPHSPYGMDV	IGHV3-33*01	IGHJ6*01
931	QHY HYN YNS NSY SYS YSP SPG PGY GYT	ARP RPH PHY HYY YYD YDS DSL SLD LDA DAF AFD FDI	0	QHYNSYSPGYT	IGKV1-5*03	IGKJ1*01	ARPHYYDSLDAFDI	IGHV5-51*01	IGHJ3*02
1390	LHY HYG YGT GTS TSP SPM PMY MYT	IAS ASS SST STT TTG TGW GWY WYV YVR VRE RED EDF DFD FDY	0	LHYGTSPMYT	IGKV3-20*01	IGKJ2*01	IASSTTGWYVREDFDY	IGHV3-73*01	IGHJ4*01
28798	MQG QGI GIH IHS HSW SWT	VKV KVG VGA GAN ANW NWG WGW GWR WRY RYF YFD FDL	1	MQGIHSWT	IGKV2-29*02	IGKJ1*01	VKVGANWGWRYFDL	IGHV3-33*03	IGHJ2*01
8701	ATW TWD WDN DNS NSL SLN LND NDR DRV	ARE REI EIP IPG PGA GAT ATS TSG SGP GPD PDH DHF HFF FFF FFY FYG YGM GMD MDV	0	ATWDNSLNDRV	IGLV1-47*02	IGLJ3*01	AREIPGATSGPDHFFFYGMDV	IGHV1-69D*01	IGHJ6*02
821	QQY QYG YGS GSS SSP SPS PST	ARE REG EGT GTT TTG TGS GSG SGW GWL WLG LGK GKP KPI PIG IGA GAF AFA FAY	0	QQYGSSPST	IGKV3-20*01	IGKJ1*01	AREGTTGSGWLGKPIGAFAY	IGHV1-69*14	IGHJ4*01
345	AWY WYD YDR DRE REL ELS LSE SEW EWV	ARD RDP DPA PAA AAW AWP WPL PLQ LQQ QQS QSL SLA LAW AWF WFD FDP	0	AWYDRELSEWV	IGLV1-47*01	IGLJ3*02	ARDPAAWPLQQSLAWFDP	IGHV1-18*04	IGHJ3*01
1385	MQA QAT ATH THW HWP WPY PYT	ARD RDG DGR GRG RGA GAL ALQ LQY	0	MQATHWPYT	IGKV2-30*01	IGKJ2*01	ARDGRGALQY	IGHV1-69*14	IGHJ1*01
19849	QQY QYY YYN YNS NSP SPY PYT	ARV RVG VGR GRP RPS PSK SKG KGG GGW GWF WFD FDP	0	QQYYNSPYT	IGKV4-1*01	IGKJ5*01	ARVGRPSKGGWFDP	IGHV5-51*01	IGHJ5*02
19819	QVW VWD WDS DSG SGR GRG RGH GHP HPL PLY LYV	ARA RAL ALE LEM EMG MGH GHR HRS RSG SGF GFP FPF PFD FDY	0	QVWDSGRGHPLYV	IGLV3-21*01	IGLJ1*01	ARALEMGHRSGFPFDY	IGHV1-18*04	IGHJ4*01
407	STF TFT FTM TMS MSG SGN GNG NGT GTV	ARE RER ERW RWH WHV HVR VRG RGY GYF YFD FDH	0	STFTMSGNGTV	IGLV3-1*01	IGLJ3*01	ARERWHVRGYFDH	IGHV3-48*03	IGHJ1*01
19808	MQS QSL SLQ LQT QTP TPR PRL RLT	TRG RGG GGT GTL TLF LFD FDY	0	MQSLQTPRLT	IGKV2-28*01	IGKJ3*01	TRGGTLFDY	IGHV3-49*04	IGHJ4*01
8703	QAW AWD WDS DST STL TLG LGV GVV	ARL RLG LGF GFE FEG EGD GDY DYS YSG SGS GSF SFF FFD FDY	0	QAWDSTLGVV	IGLV3-1*01	IGLJ3*01	ARLGFEGDYSGSFFDY	IGHV5-51*01	IGHJ4*01
22513	ATW TWD WDD DDS DSL SLS LSG SGP GPW PWV	ARG RGR GRT RTG TGG GGQ GQP QPY PYW YWF WFD FDP	0	ATWDDSLSGPWV	IGLV1-47*01	IGLJ3*02	ARGRTGGQPYWFDP	IGHV1-8*01	IGHJ5*02
1539	QQA QAN ANS NSF SFF FFT	AAD ADP DPW PWE WEL ELN LNN NNV	0	QQANSFFT	IGKV1-12*01	IGKJ4*01	AADPWELNNV	IGHV1-69-2*01	IGHJ6*02
1544	QQS QSS SSS SSS SSL SLI LIT	ARL RLT LTW TWR WRS RSY SYR YRG RGV GVH VHA HAL ALD LDY	0	QQSSSSLIT	IGKV1D-39*01	IGKJ1*01	ARLTWRSYRGVHALDY	IGHV3-66*02	IGHJ4*01
19631	KSL SLT LTS TST STR TRR RRR RRV	VRE REA EAG AGG GGP GPD PDY DYR YRN RNG NGY GYN YNX NXX XXD XDF DFY FYD YDG DGY GYY YYN YNY NYH YHY HYM YMD MDV	0	KSLTSTRRRV	IGLV2-14*01	IGLJ3*01	VREAGGPDYRNGYNXXDFYDGYYNYHYMDV	IGHV3-30*03	IGHJ6*04
19609	MEA EAR ARQ RQT QTP TPR PRL RLT	VRG RGP GPE PES ESG SGW GWF WFY FYH YHY HYY YYW YWG WGL GLG LGV	0	MEARQTPRLT	IGKV2-28*01	IGKJ4*01	VRGPESGWFYHYYWGLGV	IGHV3-13*04	IGHJ6*02
19685	QSV SVD VDN DNS NSG SGT GTY TYE YEV	ATL TLN LNL NLE LEL ELA LAV AVD VDA DAI AIS ISE SEA EAL ALK	0	QSVDNSGTYEV	IGLV3-25*03	IGLJ7*01	ATLNLELAVDAISEALK	IGHV3-7*02	IGHJ1*01
36467	QQS QSY SYI YIS ISP SPF PFT	ARV RVR VRF RFG FGD GDT DTA TAV AVD VDY	0	QQSYISPFT	IGKV1D-39*01	IGKJ3*01	ARVRFGDTAVDY	IGHV3-13*04	IGHJ4*02
1551	QQY QYN YNN NNW NWW WWT	VRN RNV NVG VGT GTA TAG AGS GSL SLL LLH LHY HYD YDH	0	QQYNNWWT	IGKV3D-15*01	IGKJ1*01	VRNVGTAGSLLHYDH	IGHV1-46*02	IGHJ3*01
361	QQY QYE YEF	TRG RGK GKN KNC NCD CDY DYN YNW NWD WDF DFE FEH	0	QQYEF	IGKV3-20*01	IGKJ1*01	TRGKNCDYNWDFEH	IGHV1-18*04	IGHJ1*01
1582	QVY VYE YEF	ARR RRH RHS HSD SDY DYC YCD CDF DFD FDI	0	QVYEF	IGKV1D-33*01	IGKJ5*01	ARRHSDYCDFDI	IGHV1-2*02	IGHJ3*02
213	QQS QSR SRI RIT ITP TPP PPT	ARR RRV RVC VCY CYN YNR NRL RLG LGV GVC VCA CAG AGG GGM GMD MDY	0	QQSRITPPT	IGKV1S22*01	IGKJ1*01	ARRVCYNRLGVCAGGMDY	IGHV3-66*02	IGHJ4*01
853	CSY SYA YAT ATS TSR SRT RTL TLV	VRD RDG DGV GVR VRF RFY FYY YYD YDS DST STG TGY GYY YYP YPD PDS DSF SFF FFK FKY KYG YGM GMD MDV	0	CSYATSRTLV	IGLV2-23*01	IGLJ3*01	VRDGVRFYYDSTGYYPDSFFKYGMDV	IGHV3-74*03	IGHJ6*02
491	STW TWD WDD DDT DTL TLK LKG KGW GWV	ARR RRQ RQL QLL LLD LDD DDG DGT GTG TGY GYQ YQW QWA WAA AAF AFD FDV	0	STWDDTLKGWV	IGLV1-36*01	IGLJ3*02	ARRQLLDDGTGYQWAAFDV	IGHV4-39*07	IGHJ3*01
36469	QQY QYD YDS DSS SSP SPI PIT	ARS RSF SFG FGF GFL FLY LYG YGF GFD FDV	0	QQYDSSPIT	IGKV3-20*01	IGKJ5*01	ARSFGFLYGFDV	IGHV3-13*04	IGHJ6*01
19737	QQS QSY SYS YST STP TPP PPA	AGG GGS GST STG TGD GDR DRH RHY HYY YYY YYY YYG YGM GMD MDV	0	QQSYSTPPA	IGKV1D-39*01	IGKJ1*01	AGGSTGDRHYYYYGMDV	IGHV4-31*02	IGHJ6*02
1354	QQR QRS RSN SNW NWP WPP PPG PGY GYT	VKD KDL DLG LGI GIA IAA AAR ARR RRF RFV FVS VSG SGA GAF AFD FDI	0	QQRSNWPPGYT	IGKV3-11*01	IGKJ1*01	VKDLGIAARRFVSGAFDI	IGHV3-23*04	IGHJ3*02
1560	QIL ILE LEF	ARG RGF GFA FAG AGY GYE YEW EWS WSF SFI	0	QILEF	IGKV3-20*01	IGKJ5*01	ARGFAGYEWSFI	IGHV1-2*04	IGHJ1*01
19723	TSY SYH YHP HPT PTK TKT KTI TIL	ARD RDD DDD DDY DYE YEE EEW EWP WPW PWY WYY YYG YGM GMD MDV	0	TSYHPTKTIL	IGLV2-14*01	IGLJ3*01	ARDDDYEEWPWYYGMDV	IGHV3-23*01	IGHJ6*02
900	QQS QSY SYS YSI SIP IPL PLT	ARR RRR RRS RSD SDF DFE FET ETV TVD VDF DFI FIY IYH YHY HYM YMD MDV	0	QQSYSIPLT	IGKV1D-39*01	IGKJ5*01	ARRRSDFETVDFIYHYMDV	IGHV4-59*08	IGHJ6*04
1005	QTW TWD WDS DSS SST STD TDV DVV	ARA RAV AVV VVF VFT FTD TDS DSS SSA SAY AYY YYY YYS YSK SKY KYF YFD FDY	0	QTWDSSTDVV	IGLV3-1*01	IGLJ3*01	ARAVVFTDSSAYYYSKYFDY	IGHV3-23*04	IGHJ4*01
1389	QQA QAN ANT NTF TFP FPW PWT	ARD RDR DRP RPP PPG PGA GAQ AQF QFD FDT	0	QQANTFPWT	IGKV1-12*01	IGKJ1*01	ARDRPPGAQFDT	IGHV1-69*14	IGHJ5*01
475	QAW AWD WDS DSS SST STA TAV	ARV RVL VLS LSR SRA RAS ASG SGM GMP MPD PDA DAF AFD FDI	0	QAWDSSTAV	IGLV3-1*01	IGLJ7*01	ARVLSRASGMPDAFDI	IGHV3-66*02	IGHJ3*02
1254	QQY QYF YFY FYW YWP WPI PIT	ARS RSY SYS YSW SWS WSY SYA YAI AID IDY	0	QQYFYWPIT	IGKV1D-39*01	IGKJ1*01	ARSYSWSYAIDY	IGHV3-66*02	IGHJ4*01
19756	QQS QSQ SQW QWY WYP YPI PIT	ARS RSY SYS YST STK TKL KLA LAM AMD MDY	0	QQSQWYPIT	IGKV1D-39*01	IGKJ1*01	ARSYSTKLAMDY	IGHV3-66*02	IGHJ4*01
28402	QNY NYN YNS NSA SAP APL PLT	VRS RSD SDR DRG RGV GVA VAG AGL GLF LFD FDS	0	QNYNSAPLT	IGKV1-27*01	IGKJ4*01	VRSDRGVAGLFDS	IGHV3-13*04	IGHJ5*01
912	ATY TYD YDS DSD SDG DGS GSI SIR IRL	ARA RAE AEA EAA AAS ASD SDS DSH SHS HSR SRP RPI PIM IMF MFD FDH	0	ATYDSDGSIRL	IGLV1-47*01	IGLJ3*01	ARAEAASDSHSRPIMFDH	IGHV1-46*01	IGHJ1*01
397	QAW AWD WDA DAS AST STG TGV	TRL RLY LYL YLF LFE FEG EGA GAQ AQS QSS SSN SNA NAF AFD FDL	0	QAWDASTGV	IGLV3-1*01	IGLJ3*01	TRLYLFEGAQSSNAFDL	IGHV5-51*01	IGHJ3*01
998	HMW MWD WDS DSR SRS RSG SGF GFS FSW SWS	ARA RAQ AQQ QQG QGK GKR KRI RIY IYG YGM GMV MVS VSF SFG FGE GEF EFF FFY FYY YYY YYY YYM YMD MDV	0	HMWDSRSGFSWS	IGLV3-21*01	IGLJ3*02	ARAQQGKRIYGMVSFGEFFYYYYMDV	IGHV4-4*08	IGHJ6*04
28877	QAW AWD WDS DSG SGI GIW IWV	AIW IWY WYL YLD LDS DSP SPD PDH DHG HGF GFD FDI	1	QAWDSGIWV	IGLV4-69*02	IGLJ3*02	AIWYLDSPDHGFDI	IGHV3-33*03	IGHJ3*02
674	QQY QYY YYR YRS RSP SPL PLT	VRS RSV SVT VTP TPR PRY RYC YCG CGG GGG GGF GFC FCY CYG YGE GEF EFD FDY	0	QQYYRSPLT	IGKV3D-15*01	IGKJ4*01	VRSVTPRYCGGGFCYGEFDY	IGHV1-69*14	IGHJ4*01
478	QQY QYW YWS WSE SEP EPV PVT	ARG RGG GGP GPD PDY DYA YAM AMD MDV	0	QQYWSEPVT	IGKV1D-39*01	IGKJ1*01	ARGGPDYAMDV	IGHV3-23*04	IGHJ6*02
1587	QCF CFE FEG	VRG RGK GKS KSC SCC CCN CNG NGR GRR RRY RYC YCN CNG NGA GAD ADC DCF CFN FNW NWD WDF DFE FEY	0	QCFEG	IGKV3-20*01	IGKJ2*01	VRGKSCCNGRRYCNGADCFNWDFEY	IGHV1-2*04	IGHJ4*01
575	QQY QYD YDN DNL NLP LPL PLT	ATE TET ETA TAL ALV LVV VVS VST STT TTY TYL YLP LPH PHY HYF YFD FDN	0	QQYDNLPLT	IGKV1D-33*01	IGKJ4*01	ATETALVVSTTYLPHYFDN	IGHV1-69D*01	IGHJ5*01
19721	GTF TFA FAG AGG GGS GSY SYY YYG YGV	ARG RGG GGW GWF WFD FDY	0	GTFAGGSYYGV	IGLV2-23*02	IGLJ3*01	ARGGWFDY	IGHV1-2*02	IGHJ4*01
424	LQI QIY IYN YNM NMP MPI PIT	ARG RGK GKG KGN GNT NTH THK HKP KPY PYG YGY GYV YVR VRY RYF YFD FDV	0	LQIYNMPIT	IGKV3-11*01	IGKJ1*01	ARGKGNTHKPYGYVRYFDV	IGHV3-23*04	IGHJ5*01
646	QSY SYD YDR DRN RNL NLS LSG SGV	ARA RAR ARA RAT ATG TGY GYS YSS SSI SIT ITP TPY PYF YFD FDI	0	QSYDRNLSGV	IGLV1-40*02	IGLJ1*01	ARARATGYSSITPYFDI	IGHV3-21*03	IGHJ5*01
556	QVY VYE YEF	ARQ RQR QRS RSD SDY DYW YWD WDF DFD FDV	0	QVYEF	IGKV1D-33*01	IGKJ5*01	ARQRSDYWDFDV	IGHV1-2*02	IGHJ3*01
19772	QQY QYF YFF FFL FLY LYS	ARI RIR IRQ RQV QVS VSK SKY KYL YLQ LQW QWY WYP YPG PGV GVF VFE FEM	0	QQYFFLYS	IGKV4-1*01	IGKJ2*01	ARIRQVSKYLQWYPGVFEM	IGHV3-7*02	IGHJ3*01
1355	QQY QYN YNT NTY TYS YSW SWW WWT	ASR SRL RLG LGV GVR VRA RAT ATT TTG TGD GDL DLD LDY	0	QQYNTYSWWT	IGKV1-5*01	IGKJ1*01	ASRLGVRATTGDLDY	IGHV3-53*01	IGHJ4*01
201043	QQR QRS RSM SMW MWP WPP PPV PVT	ARD RDG DGK GKC KCG CGG GGG GGR GRC RCY CYS YSG SGL GLL LLD LDY	0	QQRSMWPPVT	IGKV3-11*01	IGKJ2*01	ARDGKCGGGRCYSGLLDY	IGHV3-30*03	IGHJ4*02
1268	QQH QHQ HQY QYN YNS NSL SLI	ARK RKQ KQY QYS YSY SYW YWR WRD RDS DSY SYW YWA WAM AMD MDY	0	QQHQYNSLI	IGKV1S22*01	IGKJ1*01	ARKQYSYWRDSYWAMDY	IGHV3-66*02	IGHJ4*01
935	HQY QYS YSS SSH SHP HPP PPT	ARA RAD ADG DGL GLT LTY TYF YFS FSE SEL ELL LLQ LQY QYI YIF IFD FDL	0	HQYSSHPPT	IGKV4-1*01	IGKJ5*01	ARADGLTYFSELLQYIFDL	IGHV3-11*05	IGHJ5*01
1603	GTW TWD WDS DSS SSL SLN LNV NVV VVV	ARA RAV AVV VVS VSS SSD SDI DIT ITY TYT YTY TYW YWS WSK SKY KYF YFD FDY	0	GTWDSSLNVVV	IGLV1-51*01	IGLJ3*01	ARAVVSSDITYTYWSKYFDY	IGHV3-23*04	IGHJ4*01
911	QQT QTR TRW RWT WTP TPP PPT	VKD KDQ DQT QTI TIF IFH FHK HKN KNG NGA GAV AVD VDF DFF FFS FSY SYF YFD FDL	0	QQTRWTPPT	IGKV4-1*01	IGKJ3*01	VKDQTIFHKNGAVDFFSYFDL	IGHV1-6*02	IGHJ2*01
1391	LHY HYG YGT GTS TSP SPM PMY MYF	IAS ASS SST STT TTG TGW GWY WYV YVR VRE RED EDF DFD FDY	0	LHYGTSPMYF	IGKV3-20*01	IGKJ2*01	IASSTTGWYVREDFDY	IGHV3-73*01	IGHJ4*01
19749	SSY SYA YAG AGS GSV SVV	AKD KDL DLT LTL TLM LMY MYV YVF VFD FDS DSG SGW GWA WAR ARG RGA GAH AHD HDY DYY YYG YGM GMD MDV	0	SSYAGSVV	IGLV2-14*02	IGLJ3*01	AKDLTLMYVFDSGWARGAHDYYGMDV	IGHV1-2*02	IGHJ6*02
892	QCL CLE LEA	VRG RGR GRS RSC SCC CCG CGG GGR GRR RRH RHC HCN CNG NGA GAD ADC DCF CFN FNW NWD WDF DFQ FQH	0	QCLEA	IGKV3-20*01	IGKJ2*01	VRGRSCCGGRRHCNGADCFNWDFQH	IGHV1-2*04	IGHJ1*01
1043	SSR SRD RDK DKS KSG SGS GSR SRL RLS LSV	ART RTG TGK GKY KYY YYD YDF DFW FWS WSG SGY GYP YPP PPG PGE GEE EEY EYF YFQ FQD	0	SSRDKSGSRLSV	IGLV3-19*01	IGLJ3*01	ARTGKYYDFWSGYPPGEEYFQD	IGHV3-15*04	IGHJ1*01
938	QQY QYD YDK DKL KLP LPT	VRD RDR DRD RDD DDF DFW FWS WSG SGY GYY YYK YKH	0	QQYDKLPT	IGKV1S2*01	IGKJ1*01	VRDRDDFWSGYYKH	IGHV3-11*03	IGHJ1*01
201045	QQR QRN RNS NSW SWP WPP PPL PLT	ARD RDG DGT GTC TCG CGG GGG GGN GNC NCY CYS YSG SGL GLL LLD LDY	0	QQRNSWPPLT	IGKV3-11*01	IGKJ2*01	ARDGTCGGGNCYSGLLDY	IGHV3-30*03	IGHJ4*02
872	NSY SYT YTT TTL TLS LST STW TWL	ARV RVS VSR SRG RGG GGS GSY SYS YSD	0	NSYTTLSTWL	IGLV2-14*01	IGLJ3*02	ARVSRGGSYSD	IGHV3-7*02	IGHJ1*01
208	QQA QAW AWA WAY AYL YLP LPT	ARE RED EDF DFR FRN RNR NRR RRR RRL RLW LWY WYV YVM VMD MDY	0	QQAWAYLPT	IGKV1S22*01	IGKJ1*01	AREDFRNRRRLWYVMDY	IGHV3-66*02	IGHJ4*01
1362	QHL HLI LIG IGL GLR LRS	ARR RRS RSN SNW NWP WPY PYL YLP LPF PFD FDP	0	QHLIGLRS	IGKV1-9*01	IGKJ2*01	ARRSNWPYLPFDP	IGHV4-34*01	IGHJ5*02
691	AAW AWD WDD DDS DSL SLI LIG IGV GVV	ARD RDK DKN KNP NPG PGT GTK TKP KPY PYY YYH YHY HYG YGM GMD MDV	0	AAWDDSLIGVV	IGLV1-36*01	IGLJ3*01	ARDKNPGTKPYYHYGMDV	IGHV3-33*01	IGHJ6*02
393	ASW SWD WDS DSM SMT MTV TVD VDG DGV	ARY RYF YFD FDT DTY TYN YNN NNY NYG YGF GFA FAN	0	ASWDSMTVDGV	IGLV3-25*03	IGLJ3*01	ARYFDTYNNYGFAN	IGHV1-69D*01	IGHJ1*01
136	QQR QRS RSM SMW MWP WPP PPV PVT	ARD RDG DGK GKC KCG CGG GGG GGR GRC RCY CYS YSG SGL GLL LLD LDY	0	QQRSMWPPVT	IGKV3-11*01	IGKJ2*01	ARDGKCGGGRCYSGLLDY	IGHV3-30*03	IGHJ3*01
48	QQS QSN SNT NTS TSP SPL PLT	ARW RWG WGH GHS HST STS TSP SPW PWA WAM AMD MDY	0	QQSNTSPLT	IGKV1S22*01	IGKJ1*01	ARWGHSTSPWAMDY	IGHV3-66*02	IGHJ4*01
1357	LQH QHN HNS NSY SYP YPR PRT	ARD RDR DRD RDD DDL DLS LSP SPF PFD FDY	0	LQHNSYPRT	IGKV1-17*01	IGKJ1*01	ARDRDDLSPFDY	IGHV4-4*02	IGHJ4*01
969	GSL SLV LVG VGN GNW NWD WDV DVI	ARF RFG FGG GGE GEV EVL VLR LRY RYT YTD TDW DWP WPK PKP KPA PAW AWV WVD VDL	0	GSLVGNWDVI	IGLV2-8*01	IGLJ3*01	ARFGGEVLRYTDWPKPAWVDL	IGHV4-38-2*01	IGHJ2*01
28837	LQI QIY IYN YNM NMP MPI PIT	ARG RGK GKG KGN GNT NTH THK HKP KPY PYG YGY GYV YVR VRY RYF YFD FDV	0	LQIYNMPIT	IGKV3-11*01	IGKJ1*01	ARGKGNTHKPYGYVRYFDV	IGHV3-23*04	IGHJ5*01
28870	MQA QAV AVQ VQT QTP TPL PLT	ARN RNV NVL VLD LDS DSS SSG SGY GYP YPT PTY TYF YFD FDY	1	MQAVQTPLT	IGKV2-28*01	IGKJ4*01	ARNVLDSSGYPTYFDY	IGHV3-21*03	IGHJ4*01
975	MQS QSI SIQ IQV QVP VPL PLY LYT	ARG RGA GAH AHR HRS RSI SIG IGT GTT TTP TPL PLD LDS	0	MQSIQVPLYT	IGKV2D-29*02	IGKJ5*01	ARGAHRSIGTTPLDS	IGHV1-46*01	IGHJ5*01
302	QQS QSY SYN YNS NSP SPW PWT	ARD RDN DNG NGD GDY DYV YVG VGE GEK EKG KGF GFD FDI	0	QQSYNSPWT	IGKV1D-39*01	IGKJ1*01	ARDNGDYVGEKGFDI	IGHV3-23*01	IGHJ3*02
1349	QSR SRD RDI DIS ISQ SQY QYV	ART RTF TFH FHI HIR IRR RRY RYR YRS RSG SGY GYY YYD YDK DKM KMD MDH	0	QSRDISQYV	IGLV1-47*02	IGLJ3*01	ARTFHIRRYRSGYYDKMDH	IGHV1-69D*01	IGHJ6*02
501	AAW AWD WDD DDS DSL SLK LKG KGA GAV	ARH RHG HGN GNY NYY YYY YYY YYS YSG SGM GMD MDV	0	AAWDDSLKGAV	IGLV1-44*01	IGLJ7*01	ARHGNYYYYSGMDV	IGHV1-69D*01	IGHJ6*02
332	SSY SYT YTS TSS SSS SST STR TRV	ARD RDR DRP RPG PGG GGY GYC YCS CSG SGV GVS VSC SCY CYS YST STY TYG YGM GMD MDV	0	SSYTSSSTRV	IGLV2-14*01	IGLJ3*01	ARDRPGGYCSGVSCYSTYGMDV	IGHV3-21*03	IGHJ6*02
26785	QHR HRT	ATD TDK DKT KTY TYV YVS VSG SGY GYT YTS TST STW TWY WYY YYF YFN FNY	0	QHRT	IGKV1-5*03	IGKJ1*01	ATDKTYVSGYTSTWYYFNY	IGHV3-30*15	IGHJ4*01
715	QQA QAN ANS NSF SFF FFT	AAD ADP DPW PWE WEL ELN LNA NAF AFN FNV	0	QQANSFFT	IGKV1-12*01	IGKJ4*01	AADPWELNAFNV	IGHV1-69-2*01	IGHJ1*01
36458	QQR QRS RSK SKW KWG WGV GVT	ARD RDR DRF RFP FPT PTV TVS VSG SGE GEP EPF PFA FAM AMD MDV	0	QQRSKWGVT	IGKV3-11*01	IGKJ3*01	ARDRFPTVSGEPFAMDV	IGHV1-46*01	IGHJ6*01
978	QQY QYG YGQ GQS QSL SLS LST	ARE REG EGT GTT TTG TGD GDG DGD GDL DLG LGK GKP KPI PIG IGA GAF AFA FAH	0	QQYGQSLST	IGKV3-20*01	IGKJ1*01	AREGTTGDGDLGKPIGAFAH	IGHV1-69*10	IGHJ1*01
1372	MQG QGT GTH THW HWP WPY PYT	ARD RDR DRP RPH PHI HIL ILT LTG TGF GFD FDF DFD FDY	0	MQGTHWPYT	IGKV2-30*01	IGKJ1*01	ARDRPHILTGFDFDY	IGHV1-18*04	IGHJ4*01
351	AAW AWD WDD DDS DSR SRG RGG GGP GPD PDW DWV	ARL RLG LGG GGD GDY DYE YED EDS DSG SGA GAD ADA DAF AFD FDF	0	AAWDDSRGGPDWV	IGLV1-47*01	IGLJ3*02	ARLGGDYEDSGADAFDF	IGHV5-51*01	IGHJ5*01
539	YST STD TDS DSS SSG SGN GNH NHR HRV	AKD KDS DSP SPR PRG RGE GEL ELP LPL PLN LNY	0	YSTDSSGNHRV	IGLV3-10*01	IGLJ3*01	AKDSPRGELPLNY	IGHV3-9*01	IGHJ4*01
811	QQY QYE YEF	TRG RGK GKY KYC YCT CTA TAR ARD RDY DYY YYN YNW NWD WDF DFE FEH	0	QQYEF	IGKV3-20*01	IGKJ1*01	TRGKYCTARDYYNWDFEH	IGHV1-18*04	IGHJ1*01
499	ATW TWD WDD DDS DSL SLD LDG DGW GWV	ARD RDV DVQ VQY QYS YSG SGS GSY SYL YLG LGA GAY AYY YYF YFD FDY	0	ATWDDSLDGWV	IGLV1-47*01	IGLJ3*02	ARDVQYSGSYLGAYYFDY	IGHV1-18*04	IGHJ4*01
8746	EAW AWD WDG DGG GGL GLR LRG RGG GGV	ARL RLG LGG GGQ GQL QLW LWN WNS NSY SYY YYY YYY YYY YYY YYM YMD MDV	0	EAWDGGLRGGV	IGLV1-44*01	IGLJ3*01	ARLGGQLWNSYYYYYYMDV	IGHV5-51*01	IGHJ6*04
921	SSY SYT YTS TSS SSS SST STW TWV	ARV RVP VPR PRL RLR LRG RGG GGN GNY NYF YFD FDS	0	SSYTSSSTWV	IGLV2-14*01	IGLJ3*02	ARVPRLRGGNYFDS	IGHV4-31*02	IGHJ5*01
19747	SSR SRD RDK DKS KSG SGS GSR SRL RLS LSV	ART RTG TGK GKY KYY YYD YDF DFW FWF WFG FGY GYP YPP PPG PGE GEE EEY EYF YFQ FQD	0	SSRDKSGSRLSV	IGLV3-19*01	IGLJ3*01	ARTGKYYDFWFGYPPGEEYFQD	IGHV3-74*03	IGHJ1*01
642	QVW VWD WDI DIS IST STD TDQ DQA QAV	ARH RHV HVR VRS RSG SGY GYP YPD PDT DTA TAY AYY YYF YFD FDK	0	QVWDISTDQAV	IGLV3-21*02	IGLJ3*01	ARHVRSGYPDTAYYFDK	IGHV4-38-2*01	IGHJ5*01
1263	QQY QYD YDN DNL NLG LGD GDL DLS	ARD RDR DRY RYY YYE YET ETS TSG SGS GSN SNA NAF AFD FDV	0	QQYDNLGDLS	IGKV1D-33*01	IGKJ4*01	ARDRYYETSGSNAFDV	IGHV3-64*01	IGHJ3*01
1036	QQY QYY YYS YST STP TPG PGL GLT	RLL LLW LWF WFG FGE GEL ELF LFF FFD FDY	0	QQYYSTPGLT	IGKV4-1*01	IGKJ4*01	RLLWFGELFFDY	IGHV3-48*03	IGHJ4*01
749	QQA QAN ANS NSF SFP FPL PLT	ARD RDL DLG LGG GGY GYF YFI FIR IRG RGI GIM IMD MDV	0	QQANSFPLT	IGKV1-12*01	IGKJ4*01	ARDLGGYFIRGIMDV	IGHV3-30*11	IGHJ6*02
202252	AAW AWD WDD DDS DSL SLS LSG SGV GVV	ARG RGK GKF KFD FDY	0	AAWDDSLSGVV	IGLV1-36*01	IGLJ3*01	ARGKFDY	IGHV1-18*01	IGHJ4*02
19786	LQH QHD HDI DIY IYA YAS AST	ARL RLA LAS ASG SGF GFR FRD RDY	0	LQHDIYAST	IGKV1-17*01	IGKJ3*01	ARLASGFRDY	IGHV1-2*02	IGHJ4*01
19823	QNS NSG SGG GGG GGT GTP TPL PLI	SRD RDN DNF NFG FGT GTR TRP RPV PVP VPG PGR GRG RGY GYY YYY YYG YGM GMD MDV	0	QNSGGGTPLI	IGKV3-20*01	IGKJ3*01	SRDNFGTRPVPGRGYYYGMDV	IGHV1-2*02	IGHJ6*02
201196	QQL QLD LDS DSY SYP YPP PPG PGT	ARD RDL DLG LGT GTG TGL GLF LFD FDY	0	QQLDSYPPGT	IGKV1-9*01	IGKJ3*01	ARDLGTGLFDY	IGHV3-53*01	IGHJ4*02
416	QVW VWD WDS DSS SSS SSD SDH DHV HVI	ARG RGG GGL GLE LEP EPR PRS RSV SVD VDY DYY YYY YYY YYG YGM GMD MDV	0	QVWDSSSDHVI	IGLV3-21*02	IGLJ3*01	ARGGLEPRSVDYYYYGMDV	IGHV1-2*04	IGHJ6*02
305	GTW TWD WDS DSS SSL SLS LST STG TGQ GQL	ATG TGG GGN GNY NYY YYN YNL NLW LWT WTG TGY GYY YYP YPL PLA LAY	0	GTWDSSLSTGQL	IGLV1-51*01	IGLJ3*01	ATGGNYYNLWTGYYPLAY	IGHV1-24*01	IGHJ4*01
1388	QQL QLN LNT NTY TYP YPF PFT	AKP KPK PKS KSR SRD RDR DRG RGG GGP GPG PGD GDD DDY DYF YFG FGM GMD MDV	0	QQLNTYPFT	IGKV1-9*01	IGKJ3*01	AKPKSRDRGGPGDDYFGMDV	IGHV4-59*04	IGHJ6*02
1366	QQQ QQF QFD FDP DPP PPF PFT	ARE RER ERG RGM GMH MHY HYM YMD MDV	0	QQQFDPPFT	IGKV1D-39*01	IGKJ4*01	ARERGMHYMDV	IGHV4-39*07	IGHJ6*04
860	QQY QYE YEN ENL NLQ LQF QFT	ASI SIY IYG YGS GSG SGT GTF TFY FYY YYY YYF YFY FYM YMD MDV	0	QQYENLQFT	IGKV1D-33*01	IGKJ3*01	ASIYGSGTFYYYFYMDV	IGHV4-39*07	IGHJ6*04
739	QQY QYS YSS SSF SFP FPT PTT	ARW RWG WGD GDE DEG EGF GFD FDI	0	QQYSSFPTT	IGKV1S11*01	IGKJ1*01	ARWGDEGFDI	IGHV3-23*04	IGHJ5*01
295	QQS QSY SYT YTT TTP TPP PPT	ART RTY TYG YGI GIY IYD YDL DLY LYV YVD VDY DYT YTE TEY EYV YVM VMD MDY	0	QQSYTTPPT	IGKV1D-39*01	IGKJ1*01	ARTYGIYDLYVDYTEYVMDY	IGHV3-66*02	IGHJ4*01
19761	QQA QAS ASL SLT LTA TAL ALL LLT	ARE REY EYH YHS HSY SYW YWS WSY SYS YSW SWW WWP WPR PRV RVG VGL GLD LDY	0	QQASLTALLT	IGKV1-12*01	IGKJ1*01	AREYHSYWSYSWWPRVGLDY	IGHV3-66*02	IGHJ4*01
311	QQF QFY FYT YTT TTP TPS PST	ARG RGS GSG SGF GFR FRW RWV WVM VMD MDY	0	QQFYTTPST	IGKV1S22*01	IGKJ1*01	ARGSGFRWVMDY	IGHV3-74*03	IGHJ4*01
855	QQR QRY RYN YNW NWP WPP PPY PYT	VGG GGY GYS YSN SNF NFY FYY YYY YYY YYT YTM TMD MDV	0	QQRYNWPPYT	IGKV3-11*01	IGKJ1*01	VGGYSNFYYYYTMDV	IGHV3-64*05	IGHJ6*02
1465	QQS QSY SYT YTT TTP TPP PPT	ARG RGS GSG SGH GHV HVN VNA NAV AVK VKN KNY NYG YGY GYV YVM VMD MDY	0	QQSYTTPPT	IGKV1D-39*01	IGKJ1*01	ARGSGHVNAVKNYGYVMDY	IGHV3-66*02	IGHJ4*01
825	CSY SYT YTH THN HNS NSG SGC GCV	AKG KGL GLL LLR LRD RDG DGS GSS SST STW TWL WLP LPY PYL	0	CSYTHNSGCV	IGLV2-14*02	IGLJ1*01	AKGLLRDGSSTWLPYL	IGHV1-18*04	IGHJ1*01
1397	QVW VWD WDT DTG TGS GSD SDP DPV PVV	ARD RDS DSS SSS SSS SSW SWA WAR ARW RWF WFF FFD FDL	0	QVWDTGSDPVV	IGLV3-21*01	IGLJ3*01	ARDSSSSWARWFFDL	IGHV1-18*04	IGHJ2*01
19709	QQR QRD RDN DNW NWP WPP PPD PDA DAT	AKE KEG EGG GGD GDN DNK NKF KFS FSF SFD FDY	0	QQRDNWPPDAT	IGKV3-11*01	IGKJ1*01	AKEGGDNKFSFDY	IGHV3-30*18	IGHJ4*01
813	QQY QYE YEF	TRG RGK GKY KYC YCT CTA TAR ARD RDY DYY YYN YNW NWD WDF DFE FEH	0	QQYEF	IGKV3-20*01	IGKJ1*01	TRGKYCTARDYYNWDFEH	IGHV1-18*04	IGHJ1*01
200539	LQD QDY DYN YNY NYL YLL LLT	ARE REI EIT ITM TMI MIA IAW AWF WFD FDP	0	LQDYNYLLT	IGKV1-6*01	IGKJ4*01	AREITMIAWFDP	IGHV4-39*07	IGHJ5*02
1351	FST STD TDS DSS SSG SGQ GQT QTW TWV	ANA NAG AGG GGG GGK GKY KYD YDY DYL YLD LDV	0	FSTDSSGQTWV	IGLV3-10*01	IGLJ3*02	ANAGGGKYDYLDV	IGHV3-33*03	IGHJ6*02
1340	QQY QYN YNH NHW HWL WLR LRT	AKD KDE DES ESP SPP PPI PIY IYN YNL NLM LMP MPG PGY GYY YYS YST STY TYY YYY YYM YMD MDV	0	QQYNHWLRT	IGKV3D-15*01	IGKJ2*01	AKDESPPIYNLMPGYYSTYYYMDV	IGHV3-23*01	IGHJ6*04
