201197	QQY QYG YGS GSS SSP SPR PRT	ARD RDW DWG WGD GDY DYY YYF YFD FDY	0	QQYGSSPRT	IGKV3-20*01	IGKJ1*01	ARDWGDYYFDY	IGHV3-53*01	IGHJ4*02
396	QAW AWD WDA DAS AST STG TGV	TRL RLY LYL YLF LFE FEG EGA GAQ AQS QSS SSN SNA NAF AFD FDL	0	QAWDASTGV	IGLV3-1*01	IGLJ3*01	TRLYLFEGAQSSNAFDL	IGHV5-51*01	IGHJ3*01
19722	QAW AWD WDS DSS SST STV TVV	ARD RDP DPG PGI GIA IAA AAA AAD ADN DNH NHW HWF WFD FDP	0	QAWDSSTVV	IGLV3-1*01	IGLJ3*01	ARDPGIAAADNHWFDP	IGHV3-21*03	IGHJ5*02
1403	GTW TWD WDS DSS SSL SLS LSA SAW AWV	ARS RSS SSR SRI RIY IYD YDL DLN LNP NPS PSL SLT LTA TAY AYY YYD YDM DMD MDV	0	GTWDSSLSAWV	IGLV1-51*01	IGLJ3*02	ARSSRIYDLNPSLTAYYDMDV	IGHV1-69D*01	IGHJ6*02
559	QQY QYE YEF	ARG RGK GKY KYC YCT CTA TAR ARD RDY DYY YYN YNW NWD WDF DFQ FQH	0	QQYEF	IGKV3S7*01	IGKJ1*01	ARGKYCTARDYYNWDFQH	IGHV1-2*02	IGHJ1*01
28882	QQY QYN YNS NSY SYW YWT	ARV RVQ VQT QTT TTT TTG TGG GGG GGS GSC SCC CCP CPF PFD FDY	0	QQYNSYWT	IGKV1-5*03	IGKJ1*01	ARVQTTTGGGSCCPFDY	IGHV3-33*01	IGHJ4*01
824	HMW MWD WDS DSR SRS RSG SGF GFS FSW SWS	ATA TAR ARR RRG RGQ GQR QRI RIY IYG YGV GVV VVS VSF SFG FGE GEF EFF FFY FYY YYY YYY YYM YMD MDV	0	HMWDSRSGFSWS	IGLV3-21*01	IGLJ3*02	ATARRGQRIYGVVSFGEFFYYYYMDV	IGHV4-59*03	IGHJ6*04
36471	QSF SFD FDS DSS SSL SLR LRD RDS DSW SWV	TTV TVY VYR YRY RYN YNY NYD YDS DSV	0	QSFDSSLRDSWV	IGLV1-40*02	IGLJ3*02	TTVYRYNYDSV	IGHV3-15*07	IGHJ4*02
19661	QQS QSY SYS YST STP TPR PRT	ARD RDP DPS PSF SFW FWA WAA AAE AEY EYF YFQ FQH	1	QQSYSTPRT	IGKV1D-39*01	IGKJ1*01	ARDPSFWAAEYFQH	IGHV1-69D*01	IGHJ1*01
341	QQF QFD FDG DGD GDP DPT	ARH RHY HYE YEI EIQ IQI QIG IGR GRY RYG YGM GMN MNV NVY VYY YYL YLM LMY MYR YRF RFA FAS	0	QQFDGDPT	IGKV1S11*01	IGKJ1*01	ARHYEIQIGRYGMNVYYLMYRFAS	IGHV1-69*10	IGHJ5*01
28884	QQY QYN YNN NNY NYW YWT	ARV RVR VRD RDS DSS SSD SDY DYY YYG YGD GDA DAF AFD FDI	0	QQYNNYWT	IGKV1-5*03	IGKJ1*01	ARVRDSSDYYGDAFDI	IGHV3-33*01	IGHJ3*02
1371	HMW MWD WDS DSR SRS RSG SGF GFS FSW SWS	ATA TAR ARR RRG RGQ GQR QRI RIY IYG YGV GVV VVS VSF SFG FGE GEF EFF FFY FYY YYY YYS YSM SMD MDV	0	HMWDSRSGFSWS	IGLV3-21*01	IGLJ3*02	ATARRGQRIYGVVSFGEFFYYYSMDV	IGHV4-59*03	IGHJ6*04
19772	QQY QYF YFF FFL FLY LYS	ARI RIR IRQ RQV QVS VSK SKY KYL YLQ LQW QWY WYP YPG PGV GVF VFE FEM	0	QQYFFLYS	IGKV4-1*01	IGKJ2*01	ARIRQVSKYLQWYPGVFEM	IGHV3-7*02	IGHJ3*01
289	HQY QYG YGS GST STP TPL PLT	ARV RVS VSI SIF IFG FGV GVG VGT GTF TFD FDY	0	HQYGSTPLT	IGKV3-11*01	IGKJ4*01	ARVSIFGVGTFDY	IGHV4-30-4*01	IGHJ4*01
1183	QQY QYH YHS HSY SYP YPW PWT	AKA KAK AKR KRV RVG VGA GAT ATG TGY GYF YFD FDL	0	QQYHSYPWT	IGKV1S25*01	IGKJ1*01	AKAKRVGATGYFDL	IGHV3-23*01	IGHJ2*01
8749	AAW AWD WDD DDS DSL SLN LNG NGL GLV	ARV RVS VSY SYY YYE YES ESS SSG SGY GYY YYY YYV YVA VAD ADY DYY YYY YYG YGM GMD MDV	0	AAWDDSLNGLV	IGLV1-44*01	IGLJ3*01	ARVSYYESSGYYYVADYYYGMDV	IGHV1-18*04	IGHJ6*02
19767	QSY SYD YDS DSS SSL SLS LSG SGF GFY FYV	ARL RLG LGY GYC YCS CSG SGG GGS GSC SCH CHF HFD FDY	0	QSYDSSLSGFYV	IGLV1-40*01	IGLJ1*01	ARLGYCSGGSCHFDY	IGHV3-21*03	IGHJ4*01
501	AAW AWD WDD DDS DSL SLK LKG KGA GAV	ARH RHG HGN GNY NYY YYY YYY YYS YSG SGM GMD MDV	1	AAWDDSLKGAV	IGLV1-44*01	IGLJ7*01	ARHGNYYYYSGMDV	IGHV1-69D*01	IGHJ6*02
822	QQY QYG YGS GSS SSP SPS PST	ARE REG EGT GTT TTG TGW GWG WGW GWL WLG LGK GKP KPI PIG IGA GAF AFQ FQH	0	QQYGSSPST	IGKV3-20*01	IGKJ1*01	AREGTTGWGWLGKPIGAFQH	IGHV1-69*14	IGHJ1*01
36468	QQY QYG YGS GSS SSP SPL PLT	ARA RAA AAF AFG FGS GSH SHY HYF YFD FDY	0	QQYGSSPLT	IGKV3-20*01	IGKJ1*01	ARAAFGSHYFDY	IGHV3-13*04	IGHJ4*02
19628	QQS QSG SGT GTF TFP FPP PPT PTT	ARQ RQW QWG WGS GSY SYA YAF AFD FDS	0	QQSGTFPPTT	IGKV1D-39*01	IGKJ1*01	ARQWGSYAFDS	IGHV3-30*03	IGHJ5*01
208	QQA QAW AWA WAY AYL YLP LPT	ARE RED EDF DFR FRN RNR NRR RRR RRL RLW LWY WYV YVM VMD MDY	0	QQAWAYLPT	IGKV1S22*01	IGKJ1*01	AREDFRNRRRLWYVMDY	IGHV3-66*02	IGHJ4*01
814	QQY QYE YEF	TRG RGK GKY KYC YCT CTA TAR ARD RDY DYY YYN YNW NWD WDF DFE FEH	0	QQYEF	IGKV3-20*01	IGKJ1*01	TRGKYCTARDYYNWDFEH	IGHV1-18*04	IGHJ1*01
855	QQR QRY RYN YNW NWP WPP PPY PYT	VGG GGY GYS YSN SNF NFY FYY YYY YYY YYT YTM TMD MDV	0	QQRYNWPPYT	IGKV3-11*01	IGKJ1*01	VGGYSNFYYYYTMDV	IGHV3-64*05	IGHJ6*02
19711	QQR QRG RGN GNW NWP WPP PPI PIT	ARE REG EGL GLS LSR SRD RDN DNS NSG SGF GFT FTG TGL GLI LID IDY	0	QQRGNWPPIT	IGKV3-11*01	IGKJ5*01	AREGLSRDNSGFTGLIDY	IGHV3-30*03	IGHJ3*01
749	QQA QAN ANS NSF SFP FPL PLT	ARD RDL DLG LGG GGY GYF YFI FIR IRG RGI GIM IMD MDV	1	QQANSFPLT	IGKV1-12*01	IGKJ4*01	ARDLGGYFIRGIMDV	IGHV3-30*11	IGHJ6*02
19781	QTW TWG WGA GAG AGI GIR IRV	ARD RDT DTY TYY YYY YYD YDS DSG SGD GDY DYE YED EDA DAF AFD FDI	0	QTWGAGIRV	IGLV4-69*02	IGLJ3*01	ARDTYYYDSGDYEDAFDI	IGHV4-59*08	IGHJ3*02
36464	MQA QAT ATQ TQF QFP FPL PLT	ARG RGS GST STG TGG GGY	0	MQATQFPLT	IGKV2-24*01	IGKJ4*01	ARGSTGGY	IGHV3-21*01	IGHJ4*02
970	GSL SLV LVG VGN GNW NWD WDV DVI	ARF RFG FGG GGE GEV EVL VLR LRY RYT YTD TDW DWP WPK PKP KPA PAW AWV WVD VDL	0	GSLVGNWDVI	IGLV2-8*01	IGLJ3*01	ARFGGEVLRYTDWPKPAWVDL	IGHV4-38-2*01	IGHJ2*01
1559	SSY SYT YTD TDI DIH IHN HNF NFV	ARG RGT GTR TRL RLR LRT RTL TLR LRN RNA NAF AFD FDI	0	SSYTDIHNFV	IGLV2-8*01	IGLJ3*01	ARGTRLRTLRNAFDI	IGHV4-31*02	IGHJ3*02
361	QQY QYE YEF	TRG RGK GKN KNC NCD CDY DYN YNW NWD WDF DFE FEH	0	QQYEF	IGKV3-20*01	IGKJ1*01	TRGKNCDYNWDFEH	IGHV1-18*04	IGHJ1*01
492	STW TWD WDD DDT DTL TLE LEG EGW GWV	ARR RRQ RQL QLL LLD LDD DDG DGT GTG TGY GYQ YQW QWA WAA AAF AFD FDV	0	STWDDTLEGWV	IGLV1-36*01	IGLJ3*02	ARRQLLDDGTGYQWAAFDV	IGHV4-39*07	IGHJ3*01
8739	QSY SYD YDS DSS SSV SVS VSG SGS GSV	ARE RER ERL RLP LPG PGN GNW NWN WNY NYD YDL	0	QSYDSSVSGSV	IGLV1-40*01	IGLJ3*01	ARERLPGNWNYDL	IGHV3-9*01	IGHJ2*01
1245	QES ESL SLS LSA SAS ASY SYT	ARL RLD LDG DGY GYT YTL TLD LDI	0	QESLSASYT	IGKV1D-39*01	IGKJ1*01	ARLDGYTLDI	IGHV4-31*02	IGHJ5*01
1582	QVY VYE YEF	ARR RRH RHS HSD SDY DYC YCD CDF DFD FDI	0	QVYEF	IGKV1D-33*01	IGKJ5*01	ARRHSDYCDFDI	IGHV1-2*02	IGHJ3*02
19795	QQS QSY SYF YFN FNP NPI PIT	ARH RHY HYS YSA SAV AVA VAG AGL GLD LDY	0	QQSYFNPIT	IGKV1D-39*01	IGKJ1*01	ARHYSAVAGLDY	IGHV3-66*02	IGHJ4*01
1398	QQS QSN SNS NSW SWP WPY PYT	ANW NWD WDG DGD GDY	0	QQSNSWPYT	IGKV5-43*01	IGKJ2*01	ANWDGDY	IGHV3S1*01	IGHJ3*01
1581	QQY QYE YEF	ARE RER ERS RSD SDF DFW FWD WDF DFD FDL	0	QQYEF	IGKV1D-33*01	IGKJ3*01	ARERSDFWDFDL	IGHV1-2*02	IGHJ2*01
1458	QQY QYG YGT GTS TSP SPY PYT	ARD RDF DFG FGP GPD PDW DWE WED EDG DGD GDS DSY SYD YDG DGS GSG SGR GRG RGF GFF FFD FDF	0	QQYGTSPYT	IGKV3-20*01	IGKJ2*01	ARDFGPDWEDGDSYDGSGRGFFDF	IGHV1-69D*01	IGHJ5*01
1031	QQY QYN YNN NNW NWW WWT	ARN RNV NVA VAT ATE TEG EGS GSL SLL LLH LHY HYD YDY	0	QQYNNWWT	IGKV3D-15*01	IGKJ1*01	ARNVATEGSLLHYDY	IGHV1-46*01	IGHJ4*01
805	QHL HLI LIG IGL GLR LRS	ARR RRS RSN SNW NWP WPY PYL YLP LPF PFD FDP	0	QHLIGLRS	IGKV1-9*01	IGKJ2*01	ARRSNWPYLPFDP	IGHV4-34*01	IGHJ5*02
8696	ISY SYI YIS ISS SSN SNT NTR TRL	VRG RGV GVI VID IDK DKF KFD FDY	0	ISYISSNTRL	IGLV2-14*01	IGLJ3*01	VRGVIDKFDY	IGHV3-21*03	IGHJ2*01
305	GTW TWD WDS DSS SSL SLS LST STG TGQ GQL	ATG TGG GGN GNY NYY YYN YNL NLW LWT WTG TGY GYY YYP YPL PLA LAY	0	GTWDSSLSTGQL	IGLV1-51*01	IGLJ3*01	ATGGNYYNLWTGYYPLAY	IGHV1-24*01	IGHJ4*01
807	QQY QYE YEF	TRG RGK GKY KYC YCT CTA TAR ARD RDY DYY YYN YNW NWD WDF DFE FEH	0	QQYEF	IGKV3-20*01	IGKJ1*01	TRGKYCTARDYYNWDFEH	IGHV1-18*04	IGHJ1*01
36475	QQS QSY SYS YST STP TPR PRT	AYS YSN SNT NTW TWT WTG TGG	0	QQSYSTPRT	IGKV1D-39*01	IGKJ1*01	AYSNTWTGG	IGHV4-4*02	IGHJ4*02
1045	SSR SRD RDK DKS KSG SGS GSR SRL RLS LSV	ART RTG TGK GKY KYY YYD YDF DFW FWS WSG SGY GYP YPP PPG PGE GEE EEY EYF YFQ FQD	0	SSRDKSGSRLSV	IGLV3-19*01	IGLJ3*01	ARTGKYYDFWSGYPPGEEYFQD	IGHV3-74*03	IGHJ1*01
1603	GTW TWD WDS DSS SSL SLN LNV NVV VVV	ARA RAV AVV VVS VSS SSD SDI DIT ITY TYT YTY TYW YWS WSK SKY KYF YFD FDY	0	GTWDSSLNVVV	IGLV1-51*01	IGLJ3*01	ARAVVSSDITYTYWSKYFDY	IGHV3-23*04	IGHJ4*01
960	QSY SYD YDS DSP SPT PTL TLT LTS TSP	ATV TVM VMG MGK GKW KWI WIK IKG KGG GGY GYD YDY	0	QSYDSPTLTSP	IGLV1-40*01	IGLJ3*01	ATVMGKWIKGGYDY	IGHV1-69-2*01	IGHJ2*01
19559	SAW AWG WGD GDK DKG KGM GMV	ARG RGF GFG FGT GTD TDF	0	SAWGDKGMV	IGLV3-1*01	IGLJ3*01	ARGFGTDF	IGHV3-23*04	IGHJ5*01
1591	QQR QRR RRS RSW SWP WPP PPL PLT	TTG TGD GDF DFS FSE SEF EFE FEP EPF PFS FSM SMD MDY DYF YFH FHF	0	QQRRSWPPLT	IGKV3-11*01	IGKJ4*01	TTGDFSEFEPFSMDYFHF	IGHV1-24*01	IGHJ1*01
1402	SSY SYA YAG AGS GSN SNN NNF NFA FAV	ARV RVS VSR SRG RGG GGS GSF SFS FSD	0	SSYAGSNNFAV	IGLV2-8*01	IGLJ3*01	ARVSRGGSFSD	IGHV3-7*02	IGHJ1*01
19801	CSY SYV YVG VGS GSD SDT DTW TWV	ARV RVY VYS YSY SYG YGV GVP VPF PFD FDY	0	CSYVGSDTWV	IGLV2-23*02	IGLJ3*02	ARVYSYGVPFDY	IGHV7-4-1*02	IGHJ4*01
539	YST STD TDS DSS SSG SGN GNH NHR HRV	AKD KDS DSP SPR PRG RGE GEL ELP LPL PLN LNY	0	YSTDSSGNHRV	IGLV3-10*01	IGLJ3*01	AKDSPRGELPLNY	IGHV3-9*01	IGHJ4*01
574	SSL SLT LTD TDR DRS RSH SHR HRI	ARE REA EAG AGG GGP GPI PIW IWH WHD HDD DDV DVK VKY KYX YXD XDF DFN FND NDG DGY GYY YYN YNY NYH YHY HYM YMD MDV	0	SSLTDRSHRI	IGLV2-14*01	IGLJ6*01	AREAGGPIWHDDVKYXDFNDGYYNYHYMDV	IGHV3-30*03	IGHJ6*04
776	QQY QYN YNT NTY TYW YWT	AYR YRR RRI RIG IGV GVP VPR PRR RRD RDE DEF EFD FDI	0	QQYNTYWT	IGKV1-5*03	IGKJ1*01	AYRRIGVPRRDEFDI	IGHV3-23*01	IGHJ3*02
19573	QQS QSS SSD SDD DDP DPI PIT	ARS RSR SRG RGQ GQA QAS ASW SWD WDY DYW YWW WWA WAM AMD MDY	0	QQSSDDPIT	IGKV1D-39*01	IGKJ1*01	ARSRGQASWDYWWAMDY	IGHV3-66*02	IGHJ4*01
1225	QQY QYE YEF	ARG RGK GKY KYC YCT CTA TAS ASD SDY DYY YYN YNW NWD WDF DFE FEH	0	QQYEF	IGKV3-20*01	IGKJ1*01	ARGKYCTASDYYNWDFEH	IGHV1-2*02	IGHJ1*01
357	SSY SYT YTS TSS SST STP TPY PYV YVL	ARE REF EFS FSS SSY SYT YTD TDH DHL HLE LEY EYY YYY YYD YDY DYY YYY YYM YMD MDV	0	SSYTSSTPYVL	IGLV2-14*01	IGLJ3*01	AREFSSYTDHLEYYYDYYYMDV	IGHV3-7*02	IGHJ6*04
136	QQR QRS RSM SMW MWP WPP PPV PVT	ARD RDG DGK GKC KCG CGG GGG GGR GRC RCY CYS YSG SGL GLL LLD LDY	0	QQRSMWPPVT	IGKV3-11*01	IGKJ2*01	ARDGKCGGGRCYSGLLDY	IGHV3-30*03	IGHJ3*01
19807	WAY AYE YEA	VRD RDR DRS RSN SNG NGS GSG SGK GKR KRF RFE FES ESS SSN SNW NWF WFL FLD LDL	0	WAYEA	IGLV2-11*01	IGLJ3*01	VRDRSNGSGKRFESSNWFLDL	IGHV1-2*02	IGHJ2*01
143	ATW TWD WDR DRR RRP RPT PTA TAY AYV YVV	AKH KHM HMG MGY GYQ YQV QVR VRE RET ETM TMD MDV	1	ATWDRRPTAYVV	IGLV1-51*01	IGLJ3*01	AKHMGYQVRETMDV	IGHV1-69D*01	IGHJ6*04
26787	QQY QYY YYT YTT TTP TPL PLT	ARE REP EPL PLG LGY GYC YCS CSG SGG GGS GSC SCY CYP YPL PLH LHN HNG NGM GMD MDV	0	QQYYTTPLT	IGKV4-1*01	IGKJ2*01	AREPLGYCSGGSCYPLHNGMDV	IGHV1-69*09	IGHJ6*02
1397	QVW VWD WDT DTG TGS GSD SDP DPV PVV	ARD RDS DSS SSS SSS SSW SWA WAR ARW RWF WFF FFD FDL	0	QVWDTGSDPVV	IGLV3-21*01	IGLJ3*01	ARDSSSSWARWFFDL	IGHV1-18*04	IGHJ2*01
201007	QAW AWD WDS DSS SSA SAL ALV	ARG RGP GPL PLS LSR SRG RGY GYY YYD YDY	0	QAWDSSALV	IGLV3-1*01	IGLJ3*01	ARGPLSRGYYDY	IGHV1-69D*01	IGHJ4*02
303	QQY QYN YNN NNW NWP WPP PPR PRY RYT	AGV GVY VYE YEG EGE GEA EAD ADE DEG EGE GEY EYR YRN RNN NNG NGF GFL FLK LKH	0	QQYNNWPPRYT	IGKV3D-15*01	IGKJ5*01	AGVYEGEADEGEYRNNGFLKH	IGHV1-69*02	IGHJ1*01
748	QQR QRS RSN SNW NWP WPM PMY MYT	ATE TEG EGD GDN DND NDA DAF AFD FDI	0	QQRSNWPMYT	IGKV3-11*01	IGKJ2*01	ATEGDNDAFDI	IGHV3-23*01	IGHJ3*02
202268	QQR QRS RSN SNW NWP WPP PPV PVT	ARD RDI DIY IYD YDV DVS VSS SSA SAY AYY YYG YGM GMD MDV	0	QQRSNWPPVT	IGKV3-11*01	IGKJ1*01	ARDIYDVSSAYYGMDV	IGHV3-64*07	IGHJ6*01
19557	QQY QYG YGQ GQS QSL SLS LST	ARE REG EGT GTT TTP TPP PPG PGW GWG WGW GWL WLG LGK GKP KPI PIG IGA GAF AFA FAH	0	QQYGQSLST	IGKV3-20*01	IGKJ1*01	AREGTTPPGWGWLGKPIGAFAH	IGHV1-69*10	IGHJ1*01
483	QQG QGN GNT NTL TLS LSY SYT	ARE REL ELY LYQ YQG QGY GYM YMD MDT DTF TFD FDS	0	QQGNTLSYT	IGKV1D-39*01	IGKJ1*01	ARELYQGYMDTFDS	IGHV5-10-1*04	IGHJ5*01
972	QSY SYD YDS DSN SNL NLS LSG SGS GSA SAV	ARE REG EGG GGA GAR ARG RGF GFD FDY	0	QSYDSNLSGSAV	IGLV1-40*01	IGLJ3*01	AREGGARGFDY	IGHV7-4-1*02	IGHJ4*01
356	QQY QYG YGQ GQS QSL SLS LST	ARE REG EGT GTT TTG TGA GAG AGW GWL WLG LGK GKP KPI PIG IGA GAF AFA FAH	0	QQYGQSLST	IGKV3-20*01	IGKJ1*01	AREGTTGAGWLGKPIGAFAH	IGHV1-69*10	IGHJ1*01
367	QQF QFP FPT PTY TYL YLP LPT	ARG RGP GPF PFS FSP SPW PWV WVM VMD MDY	0	QQFPTYLPT	IGKV1S22*01	IGKJ1*01	ARGPFSPWVMDY	IGHV3-23*04	IGHJ4*01
860	QQY QYE YEN ENL NLQ LQF QFT	ASI SIY IYG YGS GSG SGT GTF TFY FYY YYY YYF YFY FYM YMD MDV	0	QQYENLQFT	IGKV1D-33*01	IGKJ3*01	ASIYGSGTFYYYFYMDV	IGHV4-39*07	IGHJ6*04
201008	QVW VWD WDS DSS SSS SSV SVV	ARG RGP GPL PLS LSR SRG RGY GYY YYD YDY	0	QVWDSSSVV	IGLV3-21*03	IGLJ3*01	ARGPLSRGYYDY	IGHV1-69D*01	IGHJ4*02
8746	EAW AWD WDG DGG GGL GLR LRG RGG GGV	ARL RLG LGG GGQ GQL QLW LWN WNS NSY SYY YYY YYY YYY YYY YYM YMD MDV	0	EAWDGGLRGGV	IGLV1-44*01	IGLJ3*01	ARLGGQLWNSYYYYYYMDV	IGHV5-51*01	IGHJ6*04
28878	QQQ QQR QRI	TKR KRA RAG AGW GWG WGD GDA DAL ALD LDI	0	QQQRI	IGKV1D-33*01	IGKJ4*01	TKRAGWGDALDI	IGHV3-33*03	IGHJ3*02
1539	QQA QAN ANS NSF SFF FFT	AAD ADP DPW PWE WEL ELN LNN NNV	0	QQANSFFT	IGKV1-12*01	IGKJ4*01	AADPWELNNV	IGHV1-69-2*01	IGHJ6*02
164	GTW TWD WDM DMV MVT VTN TNN NNV	ARG RGL GLG LGA GAF AFH FHW HWD WDM DMQ MQP QPD PDY	0	GTWDMVTNNV	IGLV3-21*02	IGLJ3*01	ARGLGAFHWDMQPDY	IGHV3-30*03	IGHJ4*01
478	QQY QYW YWS WSE SEP EPV PVT	ARG RGG GGP GPD PDY DYA YAM AMD MDV	0	QQYWSEPVT	IGKV1D-39*01	IGKJ1*01	ARGGPDYAMDV	IGHV3-23*04	IGHJ6*02
590	QQY QYG YGS GSS SSP SPY PYT	ARE REM EME MEV EVS VSG SGR GRW RWR WRP RPT PTE TEA EAF AFE FEI	0	QQYGSSPYT	IGKV3-20*01	IGKJ3*01	AREMEVSGRWRPTEAFEI	IGHV1-69*10	IGHJ3*02
1551	QQY QYN YNN NNW NWW WWT	VRN RNV NVG VGT GTA TAG AGS GSL SLL LLH LHY HYD YDH	0	QQYNNWWT	IGKV3D-15*01	IGKJ1*01	VRNVGTAGSLLHYDH	IGHV1-46*02	IGHJ3*01
19808	MQS QSL SLQ LQT QTP TPR PRL RLT	TRG RGG GGT GTL TLF LFD FDY	0	MQSLQTPRLT	IGKV2-28*01	IGKJ3*01	TRGGTLFDY	IGHV3-49*04	IGHJ4*01
984	QQY QYY YYT YTT TTA TAT ATT	ARA RAG AGT GTL TLF LFA FAY	0	QQYYTTATT	IGKV1S22*01	IGKJ1*01	ARAGTLFAY	IGHV3-74*03	IGHJ4*01
871	SSY SYA YAG AGS GSN SNN NNF NFA FAV	ARV RVS VSR SRG RGG GGS GSF SFS FSD	0	SSYAGSNNFAV	IGLV2-8*01	IGLJ3*01	ARVSRGGSFSD	IGHV3-7*02	IGHJ1*01
927	QQF QFS FSV SVS VSP SPW PWT	ARD RDK DKV KVQ VQG QGR GRV RVE VEV EVG VGS GSG SGG GGR GRH RHD HDY	1	QQFSVSPWT	IGKV3-20*01	IGKJ1*01	ARDKVQGRVEVGSGGRHDY	IGHV1-18*04	IGHJ4*01
900	QQS QSY SYS YSI SIP IPL PLT	ARR RRR RRS RSD SDF DFE FET ETV TVD VDF DFI FIY IYH YHY HYM YMD MDV	1	QQSYSIPLT	IGKV1D-39*01	IGKJ5*01	ARRRSDFETVDFIYHYMDV	IGHV4-59*08	IGHJ6*04
1030	LQY QYN YNN NNW NWW WWT	ARN RNV NVA VAT ATE TEG EGS GSL SLL LLH LHY HYD YDY	0	LQYNNWWT	IGKV3D-15*01	IGKJ1*01	ARNVATEGSLLHYDY	IGHV1-46*01	IGHJ4*01
1561	QQY QYL YLQ LQY QYP YPM PMT	ARG RGS GSF SFW FWF WFG FGY	0	QQYLQYPMT	IGKV1S21*01	IGKJ1*01	ARGSFWFGY	IGHV1-69*02	IGHJ4*01
1404	AAW AWD WDD DDS DSL SLN LNA NAW AWV	ARQ RQV QVG VGA GAT ATW TWA WAF AFD FDI	0	AAWDDSLNAWV	IGLV1-44*01	IGLJ3*02	ARQVGATWAFDI	IGHV3-21*03	IGHJ5*01
19734	QQY QYY YYS YST STP TPI PIT	AKD KDP DPG PGG GGD GDS DSS SSP SPA PAG AGR GRT RTW TWF WFD FDP	0	QQYYSTPIT	IGKV4-1*01	IGKJ5*01	AKDPGGDSSPAGRTWFDP	IGHV3-23*01	IGHJ5*02
1574	QHM HMS MSS SSY SYP YPL PLT	ARD RDK DKY KYY YYG YGN GNE NEA EAV AVG VGM GMD MDV	0	QHMSSYPLT	IGKV1-9*01	IGKJ4*01	ARDKYYGNEAVGMDV	IGHV1-2*02	IGHJ6*02
202257	QRR RRS RSN SNW NWP WPP PPF PFT	ARS RSC SCG CGD GDC DCY CYS YSA SAD ADL DLD LDF	0	QRRSNWPPFT	IGKV3-11*01	IGKJ3*01	ARSCGDCYSADLDF	IGHV1-69D*01	IGHJ4*02
19560	SSW SWD WDS DST STG TGL GLV	ARG RGF GFG FGT GTD TDF	0	SSWDSTGLV	IGLV3-25*03	IGLJ3*01	ARGFGTDF	IGHV3-23*04	IGHJ5*01
19814	HMW MWD WDS DSR SRS RSG SGF GFS FSW SWS	ATA TAR ARR RRG RGQ GQR QRI RIY IYG YGV GVV VVS VSF SFG FGE GEF EFF FFY FYY YYY YYS YSM SMD MDV	0	HMWDSRSGFSWS	IGLV3-21*01	IGLJ3*02	ATARRGQRIYGVVSFGEFFYYYSMDV	IGHV4-59*03	IGHJ6*04
19737	QQS QSY SYS YST STP TPP PPA	AGG GGS GST STG TGD GDR DRH RHY HYY YYY YYY YYG YGM GMD MDV	1	QQSYSTPPA	IGKV1D-39*01	IGKJ1*01	AGGSTGDRHYYYYGMDV	IGHV4-31*02	IGHJ6*02
1344	QQS QSS SSS SSR SRP RPV PVT	ARG RGI GIW IWS WSY SYW YWY WYM YMV MVY VYP YPH PHD HDN DNY NYG YGM GMD MDY	0	QQSSSRPVT	IGKV1D-39*01	IGKJ1*01	ARGIWSYWYMVYPHDNYGMDY	IGHV3-23*04	IGHJ4*01
9231	QQS QSY SYT YTT TTP TPP PPT	ARR RRL RLA LAL ALV LVR VRM RMW MWM WMD MDY	0	QQSYTTPPT	IGKV1D-39*01	IGKJ1*01	ARRLALVRMWMDY	IGHV3-66*02	IGHJ4*01
19563	MQG QGL GLH LHS HSP SPW PWT	LTG TGS GSK SKH KHR HRL RLR LRD RDY DYF YFL FLY LYN YNE NEY EYG YGP GPN PNY NYE YEE EEW EWG WGD GDY DYL YLA LAT ATL TLD LDV	0	MQGLHSPWT	IGKV2-28*01	IGKJ1*01	LTGSKHRLRDYFLYNEYGPNYEEWGDYLATLDV	IGHV1-8*01	IGHJ6*02
1003	QQA QAN ANS NSF SFP FPI PIT	ARF RFY FYD YDS DSF SFF FFD FDI	0	QQANSFPIT	IGKV1-12*01	IGKJ5*01	ARFYDSFFDI	IGHV3-23*01	IGHJ3*02
201044	QQR QRS RSS SSW SWP WPP PPI PIT	ARE REG EGL GLS LSR SRE REK EKN KNG NGY GYS YSG SGL GLI LID IDY	0	QQRSSWPPIT	IGKV3-11*01	IGKJ5*01	AREGLSREKNGYSGLIDY	IGHV3-30*03	IGHJ4*02
19723	TSY SYH YHP HPT PTK TKT KTI TIL	ARD RDD DDD DDY DYE YEE EEW EWP WPW PWY WYY YYG YGM GMD MDV	0	TSYHPTKTIL	IGLV2-14*01	IGLJ3*01	ARDDDYEEWPWYYGMDV	IGHV3-23*01	IGHJ6*02
1390	LHY HYG YGT GTS TSP SPM PMY MYT	IAS ASS SST STT TTG TGW GWY WYV YVR VRE RED EDF DFD FDY	0	LHYGTSPMYT	IGKV3-20*01	IGKJ2*01	IASSTTGWYVREDFDY	IGHV3-73*01	IGHJ4*01
8705	QTW TWG WGA GAG AGI GIL ILV	AKF KFS FSG SGK GKD KDC DCS CSG SGT GTS TSC SCR CRD RDY	0	QTWGAGILV	IGLV4-69*02	IGLJ3*01	AKFSGKDCSGTSCRDY	IGHV3-23*01	IGHJ4*01
1298	QVW VWD WDS DSS SSS SSD SDY DYV	ARD RDT DTV TVM VMG MGG GGM GMD MDV	0	QVWDSSSDYV	IGLV3-21*03	IGLJ1*01	ARDTVMGGMDV	IGHV1-69*10	IGHJ6*02
359	QQH QHQ HQN QNV NVP VPL PLT LTT	ARD RDI DIG IGL GLK LKG KGE GEH EHY HYD YDI DIL ILT LTA TAY AYG YGP GPD PDY	0	QQHQNVPLTT	IGKV1D-33*01	IGKJ4*01	ARDIGLKGEHYDILTAYGPDY	IGHV3-30*11	IGHJ4*01
520	QVW VWD WDS DSD SDS DSD SDH DHV HVV	ARA RAG AGL GLE LEP EPR PRS RSV SVD VDY DYY YYF YFY FYG YGL GLD LDV	1	QVWDSDSDHVV	IGLV3-21*02	IGLJ3*01	ARAGLEPRSVDYYFYGLDV	IGHV1-2*04	IGHJ6*02
1275	QQY QYR YRY RYS YSP SPR PRT	ARG RGG GGV GVG VGS GSF SFD FDT	0	QQYRYSPRT	IGKV3-11*01	IGKJ1*01	ARGGVGSFDT	IGHV3-9*01	IGHJ3*01
499	ATW TWD WDD DDS DSL SLD LDG DGW GWV	ARD RDV DVQ VQY QYS YSG SGS GSY SYL YLG LGA GAY AYY YYF YFD FDY	1	ATWDDSLDGWV	IGLV1-47*01	IGLJ3*02	ARDVQYSGSYLGAYYFDY	IGHV1-18*04	IGHJ4*01
1399	QQY QYG YGT GTS TSP SPR PRT	ARE REP EPP PPL PLF LFY FYS YSS SSW SWS WSL SLD LDN	1	QQYGTSPRT	IGKV3-20*01	IGKJ1*01	AREPPLFYSSWSLDN	IGHV1-18*04	IGHJ5*01
19595	QHY HYG YGV GVS VSP SPV PVI VIT	TRG RGV GVR VRE REV EVG VGA GAT ATG TGD GDD DDP DPF PFY FYY YYG YGM GMY MYV	1	QHYGVSPVIT	IGKV3-20*01	IGKJ4*01	TRGVREVGATGDDPFYYGMYV	IGHV3-13*04	IGHJ6*02
19587	QQY QYD YDN DNL NLP LPL PLT	ATE TET ETA TAL ALV LVV VVS VSE SET ETY TYL YLP LPH PHY HYF YFD FDN	0	QQYDNLPLT	IGKV1D-33*01	IGKJ4*01	ATETALVVSETYLPHYFDN	IGHV1-69D*01	IGHJ5*01
28881	QQY QYG YGN GNS NSR SRR RRV RVT	ARG RGW GWG WGR GRE REQ EQL QLA LAP APH PHP HPS PSQ SQY QYY YYY YYY YYY YYY YYG YGM GMD MDV	0	QQYGNSRRVT	IGKV3-20*01	IGKJ4*01	ARGWGREQLAPHPSQYYYYYYGMDV	IGHV1-69*10	IGHJ6*02
1306	AAW AWD WDD DDS DSL SLI LIG IGY GYV	AKD KDA DAR ARD RDC DCL CLL LLC LCA CAD ADW DWH WHF HFD FDL	0	AAWDDSLIGYV	IGLV1-44*01	IGLJ1*01	AKDARDCLLCADWHFDL	IGHV3-30*18	IGHJ2*01
923	ATW TWD WDD DDS DSL SLS LSG SGL GLV	ARR RRP RPQ PQS QSI SIF IFD FDW DWN WNF NFD FDL	0	ATWDDSLSGLV	IGLV1-47*01	IGLJ3*01	ARRPQSIFDWNFDL	IGHV1-69D*01	IGHJ2*01
910	QIL ILE LEF	ARG RGF GFA FAG AGY GYE YEW EWS WSF SFI	0	QILEF	IGKV3-20*01	IGKJ5*01	ARGFAGYEWSFI	IGHV1-2*04	IGHJ1*01
28879	QQQ QQR QRI	TKR KRG RGG GGW GWG WGD GDG DGS GSD SDI	0	QQQRI	IGKV1D-33*01	IGKJ4*01	TKRGGWGDGSDI	IGHV3-33*03	IGHJ3*02
19766	QET ETY TYS YSD SDL DLM LMY MYT	ARL RLS LSQ SQV QVS VSG SGW GWS WSP SPW PWV WVG VGP	0	QETYSDLMYT	IGKV1D-39*01	IGKJ1*01	ARLSQVSGWSPWVGP	IGHV5-51*02	IGHJ5*02
978	QQY QYG YGQ GQS QSL SLS LST	ARE REG EGT GTT TTG TGD GDG DGD GDL DLG LGK GKP KPI PIG IGA GAF AFA FAH	0	QQYGQSLST	IGKV3-20*01	IGKJ1*01	AREGTTGDGDLGKPIGAFAH	IGHV1-69*10	IGHJ1*01
46	QSS SSS SSS SSP SPY PYT	SRY RYS YSS SSY SYY YYS YSY SYY YYY YYS YSS SSS SSS SSY SYS YSY SYA YAM AMD MDY	0	QSSSSPYT	IGKV1S22*01	IGKJ1*01	SRYSSYYSYYYSSSSYSYAMDY	IGHV3-23*04	IGHJ4*01
504	QQY QYD YDG DGL GLP LPF PFT	AKH KHM HMS MSM SMQ MQQ QQV QVV VVS VSA SAG AGW GWE WER ERA RAD ADL DLV LVG VGD GDA DAF AFD FDV	1	QQYDGLPFT	IGKV1D-33*01	IGKJ3*01	AKHMSMQQVVSAGWERADLVGDAFDV	IGHV3-23*01	IGHJ3*01
397	QAW AWD WDA DAS AST STG TGV	TRL RLY LYL YLF LFE FEG EGA GAQ AQS QSS SSN SNA NAF AFD FDL	0	QAWDASTGV	IGLV3-1*01	IGLJ3*01	TRLYLFEGAQSSNAFDL	IGHV5-51*01	IGHJ3*01
1366	QQQ QQF QFD FDP DPP PPF PFT	ARE RER ERG RGM GMH MHY HYM YMD MDV	0	QQQFDPPFT	IGKV1D-39*01	IGKJ4*01	ARERGMHYMDV	IGHV4-39*07	IGHJ6*04
747	ASW SWD WDD DDS DSL SLN LNG NGV GVV	AGP GPS PSI SIT ITE TES ESH SHY HYC YCL CLD LDC DCA CAA AAK AKD KDY DYY YYY YYG YGL GLD LDV	1	ASWDDSLNGVV	IGLV1-44*01	IGLJ3*01	AGPSITESHYCLDCAAKDYYYGLDV	IGHV1-69D*01	IGHJ6*02
316	QQY QYS YSS SSY SYS YSS SSL SLF LFT	ARE REY EYY YYR YRW RWY WYT YTA TAI AID IDY	0	QQYSSYSSLFT	IGKV1D-39*01	IGKJ1*01	AREYYRWYTAIDY	IGHV3-66*02	IGHJ4*01
9249	QQH QHD HDY DYP YPY PYT	ARL RLG LGS GSD SDY DYD YDV DVW VWF WFD FDY	0	QQHDYPYT	IGKV3-11*01	IGKJ2*01	ARLGSDYDVWFDY	IGHV2-5*09	IGHJ4*01
808	QQY QYE YEF	TRG RGK GKY KYC YCT CTA TAR ARD RDY DYY YYN YNW NWD WDF DFE FEH	0	QQYEF	IGKV3-20*01	IGKJ1*01	TRGKYCTARDYYNWDFEH	IGHV1-18*04	IGHJ1*01
19750	CSY SYA YAG AGS GSV SVV	ARD RDL DLT LTL TLM LMY MYV YVH VHS HSS SSG SGW GWE WER ERG RGV GVY VYY YYY YYY YYG YGM GMD MDV	1	CSYAGSVV	IGLV2-23*01	IGLJ3*01	ARDLTLMYVHSSGWERGVYYYYGMDV	IGHV1-2*02	IGHJ6*02
355	ATW TWD WDS DSG SGL GLS LSA SAD ADW DWV	TTD TDG DGF GFI FIM IMI MIR IRG RGV GVS VSE SED EDY DYY YYY YYY YYY YYM YMD MDV	0	ATWDSGLSADWV	IGLV1-51*02	IGLJ3*02	TTDGFIMIRGVSEDYYYYYMDV	IGHV3-15*07	IGHJ6*04
1299	SSH SHT HTS TSR SRG RGT GTW TWV	ARD RDK DKV KVD VDD DDY DYG YGD GDY DYW YWF WFP FPT PTL TLW LWY WYF YFD FDY	0	SSHTSRGTWV	IGLV2-14*01	IGLJ3*02	ARDKVDDYGDYWFPTLWYFDY	IGHV1-3*01	IGHJ4*01
19747	SSR SRD RDK DKS KSG SGS GSR SRL RLS LSV	ART RTG TGK GKY KYY YYD YDF DFW FWF WFG FGY GYP YPP PPG PGE GEE EEY EYF YFQ FQD	0	SSRDKSGSRLSV	IGLV3-19*01	IGLJ3*01	ARTGKYYDFWFGYPPGEEYFQD	IGHV3-74*03	IGHJ1*01
36466	QQY QYD YDT DTD TDS DSG SGW GWT	AKE KEG EGS GSP SPL PLS LSD SDV DVL VLL LLV LVA VAA AAP APF PFG FGW GWF WFD FDP	0	QQYDTDSGWT	IGKV1-5*01	IGKJ1*01	AKEGSPLSDVLLVAAPFGWFDP	IGHV3-23*01	IGHJ5*02
19820	CSY SYT YTH THN HNS NSG SGC GCV	AKG KGL GLL LLR LRD RDG DGS GSS SST STW TWL WLP LPY PYL	0	CSYTHNSGCV	IGLV2-14*02	IGLJ1*01	AKGLLRDGSSTWLPYL	IGHV1-18*04	IGHJ4*01
19784	QST STD TDS DSS SSG SGT GTS TSW SWV	ARD RDP DPI PIV IVG VGH GHT HTR TRD RDG DGL GLD LDV	0	QSTDSSGTSWV	IGLV3-25*03	IGLJ3*02	ARDPIVGHTRDGLDV	IGHV3-30*11	IGHJ6*02
204643	SSY SYT YTT TTT TTS TSV SVV	ARL RLT LTA TAA AAD ADT DTI TIF IFD FDC	0	SSYTTTSVV	IGLV2-14*03	IGLJ3*01	ARLTAADTIFDC	IGHV2-5*09	IGHJ4*02
19637	QES ESY SYS YSS SSV SVP VPM PMY MYI	TAD ADE DEG EGA GAP API PIL ILR LRF RFF FFE FEW EWG WGY GYY YYN YNY NYY YYM YMD MDV	0	QESYSSVPMYI	IGKV1D-39*01	IGKJ3*01	TADEGAPILRFFEWGYYNYYMDV	IGHV3-15*04	IGHJ6*04
28837	LQI QIY IYN YNM NMP MPI PIT	ARG RGK GKG KGN GNT NTH THK HKP KPY PYG YGY GYV YVR VRY RYF YFD FDV	0	LQIYNMPIT	IGKV3-11*01	IGKJ1*01	ARGKGNTHKPYGYVRYFDV	IGHV3-23*04	IGHJ5*01
1388	QQL QLN LNT NTY TYP YPF PFT	AKP KPK PKS KSR SRD RDR DRG RGG GGP GPG PGD GDD DDY DYF YFG FGM GMD MDV	0	QQLNTYPFT	IGKV1-9*01	IGKJ3*01	AKPKSRDRGGPGDDYFGMDV	IGHV4-59*04	IGHJ6*02
519	QVW VWD WDS DSD SDS DSD SDH DHV HVV	ARA RAG AGL GLE LEP EPR PRS RSV SVD VDY DYY YYF YFY FYG YGL GLD LDV	1	QVWDSDSDHVV	IGLV3-21*02	IGLJ3*01	ARAGLEPRSVDYYFYGLDV	IGHV1-2*04	IGHJ6*02
31	MQA QAL ALQ LQP QPP PPY PYT	AIL ILL LLS LSA SAG AGA GAA AAN ANL NLD LDN DNN NNY NYG YGM GMD MDV	0	MQALQPPYT	IGKV2-28*01	IGKJ2*01	AILLSAGAANLDNNYGMDV	IGHV3-30*03	IGHJ6*02
586	AAW AWD WDD DDS DSL SLN LNG NGV GVV	AQG QGP GPI PIV IVG VGA GAP APT PTD TDY	0	AAWDDSLNGVV	IGLV1-44*01	IGLJ3*01	AQGPIVGAPTDY	IGHV1-69D*01	IGHJ4*01
59128	QQY QYY YYS YST STP TPY PYT	AGG GGS GSG SGI GIS IST STP TPM PMD MDV	0	QQYYSTPYT	IGKV4-1*01	IGKJ1*01	AGGSGISTPMDV	IGHV5-51*01	IGHJ6*01
1389	QQA QAN ANT NTF TFP FPW PWT	ARD RDR DRP RPP PPG PGA GAQ AQF QFD FDT	0	QQANTFPWT	IGKV1-12*01	IGKJ1*01	ARDRPPGAQFDT	IGHV1-69*14	IGHJ5*01
188	QTY TYD YDP DPY PYS YSV SVV	ARD RDL DLI LIH IHG HGV GVT VTR TRN	0	QTYDPYSVV	IGLV6-57*01	IGLJ3*01	ARDLIHGVTRN	IGHV3-23*01	IGHJ1*01
50	QQG QGL GLL LLS LSP SPL PLT	ARF RFV FVF VFF FFL FLP LPY PYA YAM AMD MDY	0	QQGLLSPLT	IGKV1S22*01	IGKJ1*01	ARFVFFLPYAMDY	IGHV3-23*04	IGHJ4*01
534	QQH QHG HGP GPF PFY FYW YWL WLF LFT	ART RTV TVR VRG RGS GSK SKK KKP KPY PYF YFS FSG SGW GWA WAM AMD MDY	0	QQHGPFYWLFT	IGKV1S22*01	IGKJ1*01	ARTVRGSKKPYFSGWAMDY	IGHV3-66*02	IGHJ4*01
932	SSF SFA FAN ANS NSG SGP GPL	ARD RDR DRY RYF YFD FDL	0	SSFANSGPL	IGLV2-14*01	IGLJ6*01	ARDRYFDL	IGHV3-30*03	IGHJ2*01
19608	QQY QYD YDG DGL GLP LPF PFT	AKH KHM HMS MSM SMQ MQQ QQV QVP VPG PGS GSG SGW GWE WER ERA RAD ADL DLV LVG VGD GDA DAF AFD FDV	1	QQYDGLPFT	IGKV1D-33*01	IGKJ3*01	AKHMSMQQVPGSGWERADLVGDAFDV	IGHV3-23*01	IGHJ3*01
304	QQH QHD HDS DSS SSP SPY PYT	ASP SPY PYP YPN PND NDX DXN XND NDX DXA XAP APE PEE EEG EGM GMS MSW SWY WYF YFD FDL	0	QQHDSSPYT	IGKV1-5*03	IGKJ2*01	ASPYPNDXNDXAPEEGMSWYFDL	IGHV1-69D*01	IGHJ2*01
28836	QQS QSY SYS YST STP TPL PLT	ARD RDR DRG RGI GIG IGA GAR ARR RRG RGP GPY PYY YYM YMD MDV	0	QQSYSTPLT	IGKV1D-39*01	IGKJ4*01	ARDRGIGARRGPYYMDV	IGHV3-33*01	IGHJ6*04
1573	QQY QYY YYN YNP NPP PPW PWT	AKG KGG GGA GAA AAA AAA AAV AVM VMD MDV	0	QQYYNPPWT	IGKV4-1*01	IGKJ1*01	AKGGAAAAVMDV	IGHV3-30*18	IGHJ6*04
353	QQY QYN YNN NNW NWP WPP PPR PRY RYT	AGV GVY VYE YEG EGE GEA EAD ADE DEG EGE GEY EYD YDN DNN NNG NGF GFL FLK LKH	0	QQYNNWPPRYT	IGKV3D-15*01	IGKJ5*01	AGVYEGEADEGEYDNNGFLKH	IGHV1-69*02	IGHJ1*01
19827	QQY QYY YYT YTA TAS ASP SPF	AKL KLL LLV LVG VGI GIT ITT TTD TDV DVF VFD FDV	0	QQYYTASPF	IGKV4-1*01	IGKJ4*01	AKLLVGITTDVFDV	IGHV3-33*03	IGHJ3*01
28867	QQR QRS RSN SNW NWY WYT	AKS KST STG TGD GDN DNW NWF WFD FDP	0	QQRSNWYT	IGKV3-11*01	IGKJ2*01	AKSTGDNWFDP	IGHV3-33*03	IGHJ5*02
36473	QQY QYG YGR GRS RSP SPF PFT	AKV KVG VGE GEY EYY YYD YDF DFW FWS WSG SGY GYS YSP SPF PFD FDS	0	QQYGRSPFT	IGKV3-20*01	IGKJ3*01	AKVGEYYDFWSGYSPFDS	IGHV3-23*01	IGHJ5*01
1391	LHY HYG YGT GTS TSP SPM PMY MYF	IAS ASS SST STT TTG TGW GWY WYV YVR VRE RED EDF DFD FDY	0	LHYGTSPMYF	IGKV3-20*01	IGKJ2*01	IASSTTGWYVREDFDY	IGHV3-73*01	IGHJ4*01
19823	QNS NSG SGG GGG GGT GTP TPL PLI	SRD RDN DNF NFG FGT GTR TRP RPV PVP VPG PGR GRG RGY GYY YYY YYG YGM GMD MDV	0	QNSGGGTPLI	IGKV3-20*01	IGKJ3*01	SRDNFGTRPVPGRGYYYGMDV	IGHV1-2*02	IGHJ6*02
1374	QQG QGS GST STF TFP FPY PYT	VRN RNR NRV RVQ VQM QME MEV EVS VSP SPA PAT ATQ TQS QST STW TWY WYM YMD MDL	1	QQGSTFPYT	IGKV1S25*01	IGKJ1*01	VRNRVQMEVSPATQSTWYMDL	IGHV1-18*04	IGHJ2*01
26782	SSY SYA YAG AGS GSV SVV	AKD KDL DLT LTL TLM LMY MYV YVF VFD FDS DSG SGW GWA WAR ARG RGA GAH AHD HDY DYY YYG YGM GMD MDV	1	SSYAGSVV	IGLV2-14*02	IGLJ3*01	AKDLTLMYVFDSGWARGAHDYYGMDV	IGHV1-2*02	IGHJ6*02
36474	MQA QAL ALQ LQT QTP TPS PSW SWT	ARV RVA VAS ASS SSA SAG AGT GTF TFY FYY YYG YGM GMD MDV	0	MQALQTPSWT	IGKV2-28*01	IGKJ1*01	ARVASSAGTFYYGMDV	IGHV3-53*02	IGHJ6*01
1307	QQY QYR YRY RYS YSP SPR PRT	ARG RGG GGF GFG FGS GSF SFD FDT	0	QQYRYSPRT	IGKV3-11*01	IGKJ1*01	ARGGFGSFDT	IGHV3-9*01	IGHJ3*01
8701	ATW TWD WDN DNS NSL SLN LND NDR DRV	ARE REI EIP IPG PGA GAT ATS TSG SGP GPD PDH DHF HFF FFF FFY FYG YGM GMD MDV	1	ATWDNSLNDRV	IGLV1-47*02	IGLJ3*01	AREIPGATSGPDHFFFYGMDV	IGHV1-69D*01	IGHJ6*02
202466	QQR QRD RDN DNW NWP WPP PPD PDA DAT	AKE KEG EGG GGD GDN DNK NKF KFS FSF SFD FDY	0	QQRDNWPPDAT	IGKV3-11*01	IGKJ1*01	AKEGGDNKFSFDY	IGHV3-30*18	IGHJ4*02
1263	QQY QYD YDN DNL NLG LGD GDL DLS	ARD RDR DRY RYY YYE YET ETS TSG SGS GSN SNA NAF AFD FDV	0	QQYDNLGDLS	IGKV1D-33*01	IGKJ4*01	ARDRYYETSGSNAFDV	IGHV3-64*01	IGHJ3*01
407	STF TFT FTM TMS MSG SGN GNG NGT GTV	ARE RER ERW RWH WHV HVR VRG RGY GYF YFD FDH	0	STFTMSGNGTV	IGLV3-1*01	IGLJ3*01	ARERWHVRGYFDH	IGHV3-48*03	IGHJ1*01
302	QQS QSY SYN YNS NSP SPW PWT	ARD RDN DNG NGD GDY DYV YVG VGE GEK EKG KGF GFD FDI	0	QQSYNSPWT	IGKV1D-39*01	IGKJ1*01	ARDNGDYVGEKGFDI	IGHV3-23*01	IGHJ3*02
19638	QES ESY SYS YSS SSV SVP VPM PMY MYI	TAD ADE DEG EGA GAP API PIL ILR LRF RFF FFE FEW EWG WGY GYY YYN YNY NYY YYM YMD MDV	0	QESYSSVPMYI	IGKV1D-39*01	IGKJ3*01	TADEGAPILRFFEWGYYNYYMDV	IGHV3-15*04	IGHJ6*04
642	QVW VWD WDI DIS IST STD TDQ DQA QAV	ARH RHV HVR VRS RSG SGY GYP YPD PDT DTA TAY AYY YYF YFD FDK	1	QVWDISTDQAV	IGLV3-21*02	IGLJ3*01	ARHVRSGYPDTAYYFDK	IGHV4-38-2*01	IGHJ5*01
200539	LQD QDY DYN YNY NYL YLL LLT	ARE REI EIT ITM TMI MIA IAW AWF WFD FDP	0	LQDYNYLLT	IGKV1-6*01	IGKJ4*01	AREITMIAWFDP	IGHV4-39*07	IGHJ5*02
8740	QSS SSD SDR DRF RFG FGS GSR SRY RYV	AAG AGF GFH FHY	0	QSSDRFGSRYV	IGLV3-25*03	IGLJ1*01	AAGFHY	IGHV1-18*04	IGHJ4*01
965	AAW AWD WDD DDS DSP SPP PPG PGE GEA	ARV RVG VGL GLG LGD GDA DAF AFD FDI	0	AAWDDSPPGEA	IGLV1-47*01	IGLJ3*01	ARVGLGDAFDI	IGHV3-23*01	IGHJ3*02
739	QQY QYS YSS SSF SFP FPT PTT	ARW RWG WGD GDE DEG EGF GFD FDI	0	QQYSSFPTT	IGKV1S11*01	IGKJ1*01	ARWGDEGFDI	IGHV3-23*04	IGHJ5*01
19849	QQY QYY YYN YNS NSP SPY PYT	ARV RVG VGR GRP RPS PSK SKG KGG GGW GWF WFD FDP	0	QQYYNSPYT	IGKV4-1*01	IGKJ5*01	ARVGRPSKGGWFDP	IGHV5-51*01	IGHJ5*02
196	QQY QYA YAD ADS DSP SPI PIT	AST STL TLG LGL GLV LVL VLD LDA DAM AMD MDY	0	QQYADSPIT	IGKV3-20*01	IGKJ5*01	ASTLGLVLDAMDY	IGHV1-69*10	IGHJ4*01
193	QVW VWD WDS DSS SSS SSD SDH DHA HAV	AKT KTR TRS RSY SYV YVV VVA VAA AAE AEY EYY YYF YFH FHY	0	QVWDSSSDHAV	IGLV3-21*02	IGLJ3*01	AKTRSYVVAAEYYFHY	IGHV3-9*01	IGHJ4*01
26784	QHR HRT	ATD TDK DKT KTY TYV YVS VSG SGY GYT YTS TST STW TWY WYY YYF YFN FNY	0	QHRT	IGKV1-5*03	IGKJ1*01	ATDKTYVSGYTSTWYYFNY	IGHV3-30*15	IGHJ4*01
1314	QQH QHN HNE NEY EYP YPY PYT	ARM RMG MGS GSD SDY DYD YDV DVW VWF WFD FDY	0	QQHNEYPYT	IGKV3-11*01	IGKJ2*01	ARMGSDYDVWFDY	IGHV2-26*01	IGHJ4*01
36472	QLY LYG YGS GSS SSP SPW PWT	AKV KVG VGE GEY EYY YYD YDF DFW FWS WSG SGY GYS YSP SPF PFE FEY	0	QLYGSSPWT	IGKV3-20*01	IGKJ1*01	AKVGEYYDFWSGYSPFEY	IGHV3-23*01	IGHJ4*02
1381	QVW VWD WDS DSR SRT RTD TDH DHW HWV	ARG RGR GRG RGF GFH FHY HYY YYY YYY YYG YGM GMD MDI	0	QVWDSRTDHWV	IGLV3-21*02	IGLJ3*02	ARGRGFHYYYYGMDI	IGHV3-9*01	IGHJ6*02
410	QQY QYG YGT GTS TSP SPR PRT	ARE REP EPP PPL PLF LFY FYS YSS SSW SWS WSL SLD LDN	1	QQYGTSPRT	IGKV3-20*01	IGKJ1*01	AREPPLFYSSWSLDN	IGHV1-18*04	IGHJ5*01
666	HIW IWD WDS DSR SRR RRP RPT PTN TNW NWV	ATT TTK TKH KHG HGR GRR RRI RIY IYG YGV GVV VVA VAF AFK FKE KEW EWF WFT FTY TYF YFY FYM YMD MDV	0	HIWDSRRPTNWV	IGLV3-21*01	IGLJ3*02	ATTKHGRRIYGVVAFKEWFTYFYMDV	IGHV4-59*02	IGHJ6*04
1436	QQY QYE YEF	TRG RGK GKY KYC YCT CTA TAR ARD RDY DYY YYN YNW NWD WDF DFE FEH	0	QQYEF	IGKV3S7*01	IGKJ1*01	TRGKYCTARDYYNWDFEH	IGHV1-18*04	IGHJ1*01
1282	AAW AWD WDD DDS DSL SLS LSE SEF EFL	ARA RAS ASI SIA IAA AAA AAR ARV RVL VLD LDY	0	AAWDDSLSEFL	IGLV1-10*01	IGLJ6*01	ARASIAAARVLDY	IGHV3-30*11	IGHJ3*01
555	AVF VFQ FQW	ARD RDE DES ESG SGD GDD DDL DLK LKW KWH WHL HLH LHP	0	AVFQW	IGKV1D-39*01	IGKJ3*01	ARDESGDDLKWHLHP	IGHV1-2*02	IGHJ5*02
1549	QQS QSR SRT	ARS RSG SGH GHI HIT ITV TVF VFG FGV GVN VNV NVD VDA DAF AFD FDM	1	QQSRT	IGKV1D-39*01	IGKJ1*01	ARSGHITVFGVNVDAFDM	IGHV6-1*01	IGHJ3*01
1358	YSY SYA YAD ADG DGV GVA	ARE REM EMF MFD FDS DSS SSA SAD ADW DWS WSP SPW PWR WRG RGM GMV MVA	0	YSYADGVA	IGLV2-23*02	IGLJ3*01	AREMFDSSADWSPWRGMVA	IGHV1-2*02	IGHJ6*02
19641	QQY QYN YND NDW DWP WPP PPW PWT	AKD KDW DWA WAL ALF LFR FRW RWL WLR LRT RTF TFD FDH	0	QQYNDWPPWT	IGKV3D-15*01	IGKJ1*01	AKDWALFRWLRTFDH	IGHV3-30*18	IGHJ1*01
36462	MQA QAL ALQ LQT QTP TPL PLT	ARH RHG HGH GHN HNG NGM GMG MGV	0	MQALQTPLT	IGKV2-28*01	IGKJ4*01	ARHGHNGMGV	IGHV4-34*01	IGHJ6*04
19686	GTF TFA FAG AGG GGS GSY SYY YYG YGV	ARG RGG GGW GWF WFD FDY	0	GTFAGGSYYGV	IGLV2-23*02	IGLJ3*01	ARGGWFDY	IGHV1-2*02	IGHJ4*01
8704	YST STN TNS NSG SGG GGT GTF TFF FFV	AIL ILG LGF GFW FWG WGA GAN ANR NRG RGG GGG GGG GGM GMD MDV	0	YSTNSGGTFFV	IGLV3-10*01	IGLJ1*01	AILGFWGANRGGGGMDV	IGHV5-51*01	IGHJ6*02
1353	QAW AWD WDS DSS SSA SAL ALV	ARG RGP GPL PLS LSR SRG RGY GYY YYD YDY	0	QAWDSSALV	IGLV3-1*01	IGLJ3*01	ARGPLSRGYYDY	IGHV1-69D*01	IGHJ4*01
601	QQY QYE YEF	TRG RGK GKY KYC YCT CTA TAR ARD RDY DYY YYN YNW NWD WDF DFE FEH	0	QQYEF	IGKV3S7*01	IGKJ1*01	TRGKYCTARDYYNWDFEH	IGHV1-18*04	IGHJ1*01
1035	MQS QSK SKD KDF DFP FPL PLT	ARM RMF MFQ FQE QES ESG SGP GPP PPR PRL RLD LDR DRW RWS WSG SGR GRN RNY NYY YYY YYY YYS YSG SGM GMD MDV	0	MQSKDFPLT	IGKV2D-29*02	IGKJ4*01	ARMFQESGPPRLDRWSGRNYYYYSGMDV	IGHV3-30*03	IGHJ6*02
1605	QQF QFE FEF	VRK RKG KGP GPS PSC SCP CPH PHC HCG CGD GDF DFH FHW HWQ WQH	0	QQFEF	IGKV3-20*01	IGKJ5*01	VRKGPSCPHCGDFHWQH	IGHV1-2*02	IGHJ1*01
19846	QHY HYF YFN FNT NTP TPH PHN	ARL RLD LDA DAR ARV RVD VDA DAG AGW GWQ WQL QLD LDS	0	QHYFNTPHN	IGKV4-1*01	IGKJ2*01	ARLDARVDAGWQLDS	IGHV5-51*02	IGHJ5*01
558	QQY QYE YEF	ARG RGK GKY KYC YCT CTA TAR ARD RDY DYY YYN YNW NWD WDF DFQ FQH	0	QQYEF	IGKV3-11*01	IGKJ2*01	ARGKYCTARDYYNWDFQH	IGHV1-2*02	IGHJ1*01
387	QQS QSS SSY SYI YIP IPV PVT	ART RTP TPW PWW WWY WYW YWS WSG SGL GLD LDY	0	QQSSYIPVT	IGKV1D-39*01	IGKJ1*01	ARTPWWYWSGLDY	IGHV3-66*02	IGHJ4*01
393	ASW SWD WDS DSM SMT MTV TVD VDG DGV	ARY RYF YFD FDT DTY TYN YNN NNY NYG YGF GFA FAN	0	ASWDSMTVDGV	IGLV3-25*03	IGLJ3*01	ARYFDTYNNYGFAN	IGHV1-69D*01	IGHJ1*01
1268	QQH QHQ HQY QYN YNS NSL SLI	ARK RKQ KQY QYS YSY SYW YWR WRD RDS DSY SYW YWA WAM AMD MDY	0	QQHQYNSLI	IGKV1S22*01	IGKJ1*01	ARKQYSYWRDSYWAMDY	IGHV3-66*02	IGHJ4*01
19710	QHR HRD RDS DSW SWP WPP PPG PGA GAT	AKE KES ESD SDS DSC SCG CGG GGD GDC DCS CSR SRF RFA FAF AFD FDV	0	QHRDSWPPGAT	IGKV3-11*01	IGKJ4*01	AKESDSCGGDCSRFAFDV	IGHV3-33*03	IGHJ3*01
432	AAW AWD WDD DDS DSL SLN LNG NGF GFW FWV	ART RTL TLR LRV RVS VSG SGD GDY DYV YVR VRD RDF DFD FDL	1	AAWDDSLNGFWV	IGLV1-44*01	IGLJ3*02	ARTLRVSGDYVRDFDL	IGHV2-70*13	IGHJ2*01
1383	QQY QYE YEF	TRG RGK GKY KYC YCT CTA TAR ARD RDY DYY YYN YNW NWD WDF DFE FEH	0	QQYEF	IGKV3-20*01	IGKJ1*01	TRGKYCTARDYYNWDFEH	IGHV1-18*04	IGHJ1*01
525	SSR SRD RDK DKS KSG SGS GSR SRL RLS LSV	ART RTG TGK GKY KYY YYD YDF DFW FWS WSG SGY GYP YPP PPG PGE GEE EEY EYF YFQ FQD	0	SSRDKSGSRLSV	IGLV3-19*01	IGLJ3*01	ARTGKYYDFWSGYPPGEEYFQD	IGHV3-15*04	IGHJ1*01
19794	QQS QSY SYF YFN FNP NPI PIT	ARH RHY HYS YSA SAV AVA VAG AGL GLD LDY	0	QQSYFNPIT	IGKV1D-39*01	IGKJ1*01	ARHYSAVAGLDY	IGHV3-66*02	IGHJ4*01
8741	MQA QAL ALQ LQT QTP TPW PWT	ATR TRN RNY NYR YRL RLY LYF YFD FDF	0	MQALQTPWT	IGKV2-28*01	IGKJ1*01	ATRNYRLYFDF	IGHV3-66*02	IGHJ5*01
812	QQY QYE YEF	TRG RGK GKY KYC YCT CTA TAR ARD RDY DYY YYN YNW NWD WDF DFE FEH	0	QQYEF	IGKV3-20*01	IGKJ1*01	TRGKYCTARDYYNWDFEH	IGHV1-18*04	IGHJ1*01
19636	QES ESY SYS YSS SST STP TPT PTH THI	TMD MDE DEG EGT GTP TPV PVT VTR TRF RFL FLE LEW EWG WGY GYF YFY FYY YYY YYM YMA MAV	0	QESYSSTPTHI	IGKV1D-39*01	IGKJ2*01	TMDEGTPVTRFLEWGYFYYYMAV	IGHV3-15*06	IGHJ6*02
1044	SSR SRD RDK DKS KSG SGS GSR SRL RLS LSV	ART RTG TGK GKY KYY YYD YDF DFW FWS WSG SGY GYP YPP PPG PGE GEE EEY EYF YFQ FQD	0	SSRDKSGSRLSV	IGLV3-19*01	IGLJ3*01	ARTGKYYDFWSGYPPGEEYFQD	IGHV3-74*03	IGHJ1*01
36818	NSR SRD RDT DTS TSG SGY GYH YHL HLV	ATG TGN GNA NAD ADC DCS CSG SGG GGS GSC SCY CYN YNW NWF WFD FDP	1	NSRDTSGYHLV	IGLV3-19*01	IGLJ3*01	ATGNADCSGGSCYNWFDP	IGHV1-8*01	IGHJ5*02
1544	QQS QSS SSS SSS SSL SLI LIT	ARL RLT LTW TWR WRS RSY SYR YRG RGV GVH VHA HAL ALD LDY	0	QQSSSSLIT	IGKV1D-39*01	IGKJ1*01	ARLTWRSYRGVHALDY	IGHV3-66*02	IGHJ4*01
26785	QHR HRT	ATD TDK DKT KTY TYV YVS VSG SGY GYT YTS TST STW TWY WYY YYF YFN FNY	0	QHRT	IGKV1-5*03	IGKJ1*01	ATDKTYVSGYTSTWYYFNY	IGHV3-30*15	IGHJ4*01
934	QAW AWD WDS DSS SSS SSF SFV	ARV RVA VAL ALF LFD FDI DIL ILT LTG TGG GGW GWF WFD FDP	1	QAWDSSSFV	IGLV3-1*01	IGLJ1*01	ARVALFDILTGGWFDP	IGHV4-4*02	IGHJ5*02
19844	NAY AYE YEF	ARM RMG MGA GAA AAR ARE REW EWD WDF DFQ FQY	0	NAYEF	IGLV2-14*01	IGLJ6*01	ARMGAAREWDFQY	IGHV1-2*02	IGHJ1*01
284	QHY HYA YAG AGY GYS YSA SAT	ARK RKG KGS GSD SDR DRL RLS LSD SDN DND NDP DPF PFD FDA	0	QHYAGYSAT	IGKV1-5*03	IGKJ5*01	ARKGSDRLSDNDPFDA	IGHV3-21*03	IGHJ5*01
636	QQY QYE YET	ARA RAQ AQK QKR KRG RGR GRS RSE SEW EWA WAY AYA YAH	0	QQYET	IGKV1D-33*01	IGKJ3*01	ARAQKRGRSEWAYAH	IGHV1-18*04	IGHJ1*01
1006	QAW AWD WDS DSS SST STD TDV DVV	ARA RAV AVV VVF VFT FTD TDS DSS SSA SAY AYY YYY YYS YSK SKY KYF YFD FDY	0	QAWDSSTDVV	IGLV3-1*01	IGLJ3*01	ARAVVFTDSSAYYYSKYFDY	IGHV3-23*04	IGHJ4*01
912	ATY TYD YDS DSD SDG DGS GSI SIR IRL	ARA RAE AEA EAA AAS ASD SDS DSH SHS HSR SRP RPI PIM IMF MFD FDH	0	ATYDSDGSIRL	IGLV1-47*01	IGLJ3*01	ARAEAASDSHSRPIMFDH	IGHV1-46*01	IGHJ1*01
1571	KQY QYA YAD ADY DYW YWT	ARD RDR DRY RYS YSP SPT PTG TGH GHY HYY YYG YGM GMD MDV	0	KQYADYWT	IGKV1-5*03	IGKJ1*01	ARDRYSPTGHYYGMDV	IGHV3-13*04	IGHJ6*02
19631	KSL SLT LTS TST STR TRR RRR RRV	VRE REA EAG AGG GGP GPD PDY DYR YRN RNG NGY GYN YNX NXX XXD XDF DFY FYD YDG DGY GYY YYN YNY NYH YHY HYM YMD MDV	0	KSLTSTRRRV	IGLV2-14*01	IGLJ3*01	VREAGGPDYRNGYNXXDFYDGYYNYHYMDV	IGHV3-30*03	IGHJ6*04
1562	QVI VIE IES	ARD RDR DRL RLY LYD YDG DGS GSS SSW SWR WRL RLD LDP	0	QVIES	IGKV1S2*01	IGKJ1*01	ARDRLYDGSSWRLDP	IGHV1-2*02	IGHJ5*02
19574	MQN QNK NKQ KQT QTP TPL PLT	VIR IRG RGD GDV DVY VYN YNR NRQ	0	MQNKQTPLT	IGKV2-28*01	IGKJ5*01	VIRGDVYNRQ	IGHV3-73*01	IGHJ1*01
380	QQW QWW WWW WWW WWP WPS PST	ARW RWW WWS WSS SSA SAM AMD MDY	0	QQWWWWPST	IGKV1D-39*01	IGKJ1*01	ARWWSSAMDY	IGHV3-23*04	IGHJ4*01
19719	QSF SFD FDS DSI SIL ILS LSG SGD GDL DLV	ATS TSY SYV YVD VDN DNW NWH WHA HAG AGL GLH LHW HWF WFD FDS	1	QSFDSILSGDLV	IGLV1-40*01	IGLJ3*01	ATSYVDNWHAGLHWFDS	IGHV4-59*04	IGHJ5*01
1563	QQA QAY AYK YKT KTP TPY PYT	ARD RDD DDY DYS YST STY TYA YAF AFA FAY	0	QQAYKTPYT	IGKV1D-39*01	IGKJ1*01	ARDDYSTYAFAY	IGHV1-69*10	IGHJ4*01
199	QQH QHG HGN GNL NLP LPY PYT	ARP RPY PYL YLT LTY TYP YPQ PQR QRR RRG RGP GPQ PQN QNV NVS VSP SPF PFD FDN	0	QQHGNLPYT	IGKV1S11*01	IGKJ1*01	ARPYLTYPQRRGPQNVSPFDN	IGHV3-23*04	IGHJ3*01
295	QQS QSY SYT YTT TTP TPP PPT	ART RTY TYG YGI GIY IYD YDL DLY LYV YVD VDY DYT YTE TEY EYV YVM VMD MDY	0	QQSYTTPPT	IGKV1D-39*01	IGKJ1*01	ARTYGIYDLYVDYTEYVMDY	IGHV3-66*02	IGHJ4*01
1333	SSL SLT LTD TDR DRS RSH SHR HRI	ARE REA EAG AGG GGP GPI PIW IWH WHD HDD DDV DVK VKY KYY YYD YDF DFN FND NDG DGY GYY YYN YNY NYH YHY HYM YMD MDV	0	SSLTDRSHRI	IGLV2-14*01	IGLJ6*01	AREAGGPIWHDDVKYYDFNDGYYNYHYMDV	IGHV3-30*03	IGHJ6*04
1022	QVW VWD WDD DDS DSI SIN INA NAY AYV	ARE REF EFH FHS HSG SGL GLG LGW GWH WHF HFD FDL	0	QVWDDSINAYV	IGLV3-21*02	IGLJ1*01	AREFHSGLGWHFDL	IGHV3-7*02	IGHJ2*01
205	QQS QSY SYT YTT TTP TPP PPT	ARS RSA SAR ARF RFS FSF SFD FDY	0	QQSYTTPPT	IGKV1D-39*01	IGKJ1*01	ARSARFSFDY	IGHV3-23*04	IGHJ4*01
707	QQW QWA WAV AVH VHS HSL SLI LIT	ARY RYV YVY VYH YHA HAL ALD LDY	0	QQWAVHSLIT	IGKV1D-39*01	IGKJ1*01	ARYVYHALDY	IGHV3-66*02	IGHJ4*01
19708	QQY QYG YGT GTS TSP SPL PLT	ASR SRQ RQH QHH HHE HEY EYF YFQ FQE	0	QQYGTSPLT	IGKV3-20*01	IGKJ4*01	ASRQHHEYFQE	IGHV1-69*02	IGHJ1*01
1553	KSL SLT LTS TST STR TRR RRR RRV	VRE REA EAG AGG GGP GPD PDY DYR YRN RNG NGY GYN YNY NYY YYD YDF DFY FYD YDG DGY GYY YYN YNY NYH YHY HYM YMD MDV	0	KSLTSTRRRV	IGLV2-14*01	IGLJ3*01	VREAGGPDYRNGYNYYDFYDGYYNYHYMDV	IGHV3-30*03	IGHJ6*04
19561	SAW AWG WGD GDK DKG KGM GMV	ARG RGF GFG FGT GTD TDF	0	SAWGDKGMV	IGLV3-1*01	IGLJ3*01	ARGFGTDF	IGHV3-23*04	IGHJ5*01
1237	QSY SYD YDS DSS SSN SNV NVV	ARG RGI GIV IVF VFS FSY SYA YAM AMD MDV	0	QSYDSSNVV	IGLV6-57*01	IGLJ3*01	ARGIVFSYAMDV	IGHV6-1*01	IGHJ6*02
19756	QQS QSQ SQW QWY WYP YPI PIT	ARS RSY SYS YST STK TKL KLA LAM AMD MDY	0	QQSQWYPIT	IGKV1D-39*01	IGKJ1*01	ARSYSTKLAMDY	IGHV3-66*02	IGHJ4*01
477	QQS QSF SFY FYF YFP FPN PNT	ARG RGL GLG LGK GKG KGS GSK SKR KRG RGA GAM AMD MDY	0	QQSFYFPNT	IGKV1S22*01	IGKJ1*01	ARGLGKGSKRGAMDY	IGHV3-74*03	IGHJ4*01
19803	SSR SRD RDS DSS SSG SGN GNH NHW HWV	ARS RSR SRD RDL DLL LLL LLF LFP FPH PHH HHA HAL ALS LSP	0	SSRDSSGNHWV	IGLV3-19*01	IGLJ3*02	ARSRDLLLFPHHALSP	IGHV1-69D*01	IGHJ3*01
19822	QQY QYL YLY LYH YHP HPA PAT	ARR RRH RHW HWP WPG PGG GGF GFD FDY	0	QQYLYHPAT	IGKV1S22*01	IGKJ1*01	ARRHWPGGFDY	IGHV3-23*04	IGHJ4*01
9248	HIW IWD WDS DSR SRR RRP RPT PTN TNW NWV	ATT TTK TKH KHG HGR GRR RRI RIY IYG YGV GVV VVA VAF AFK FKE KEW EWF WFT FTY TYF YFY FYM YMD MDV	0	HIWDSRRPTNWV	IGLV3-21*01	IGLJ3*02	ATTKHGRRIYGVVAFKEWFTYFYMDV	IGHV4-59*02	IGHJ6*04
170	QAR ARL RLL LLL LLP LPQ PQT	ARV RVA VAI AIG IGV GVS VSG SGF GFL FLN LNY NYY YYY YYY YYM YMD MDV	0	QARLLLPQT	IGKV3-11*01	IGKJ1*01	ARVAIGVSGFLNYYYYMDV	IGHV4-59*02	IGHJ6*02
1376	NAF AFE FEF	ARR RRM RMR MRS RSQ SQD QDR DRE REW EWD WDF DFQ FQH	0	NAFEF	IGLV2-14*02	IGLJ3*01	ARRMRSQDREWDFQH	IGHV1-2*02	IGHJ1*01
28880	QAW AWD WDS DSG SGI GIW IWV	TVW VWY WYL YLE LET ETP TPD PDD DDG DGF GFD FDI	0	QAWDSGIWV	IGLV4-69*02	IGLJ3*02	TVWYLETPDDGFDI	IGHV3-33*03	IGHJ3*02
19642	MQG QGT GTH THW HWP WPP PPM PMC MCS	ARG RGT GTS TST STG TGL GLR LRE REA EAF AFH FHI	0	MQGTHWPPMCS	IGKV2-30*01	IGKJ2*01	ARGTSTGLREAFHI	IGHV5-51*01	IGHJ3*02
1419	HQY QYI YIQ IQL QLH LHS HSF SFT	ARY RYD YDG DGI GIY IYG YGE GEL ELD LDF	0	HQYIQLHSFT	IGKV3-11*01	IGKJ1*01	ARYDGIYGELDF	IGHV1-69D*01	IGHJ5*01
19552	SSY SYT YTR TRR RRD RDT DTY TYV	ARE REP EPD PDY DYY YYD YDS DSS SSG SGY GYY YYP YPI PID IDA DAF AFD FDI	0	SSYTRRDTYV	IGLV2-14*01	IGLJ1*01	AREPDYYDSSGYYPIDAFDI	IGHV1-69D*01	IGHJ3*02
1578	QQY QYE YEF	TRG RGK GKY KYC YCT CTA TAR ARD RDY DYY YYN YNW NWD WDF DFE FEH	0	QQYEF	IGKV3S7*01	IGKJ1*01	TRGKYCTARDYYNWDFEH	IGHV1-18*04	IGHJ1*01
1032	LQY QYN YNN NNW NWW WWT	VRN RNV NVG VGT GTA TAG AGS GSL SLL LLH LHY HYD YDH	0	LQYNNWWT	IGKV3D-15*01	IGKJ1*01	VRNVGTAGSLLHYDH	IGHV1-18*04	IGHJ6*02
498	QQY QYG YGS GSS SSP SPW PWT	AKD KDR DRL RLE LES ESS SSA SAM AMD MDI DIL ILE LEG EGG GGT GTF TFD FDI	1	QQYGSSPWT	IGKV3-20*01	IGKJ1*01	AKDRLESSAMDILEGGTFDI	IGHV3-9*01	IGHJ3*02
168	SSY SYS YSS SST STT TTR TRV RVV	AKP KPN PNV NVG VGS GSG SGW GWS WSF SFD FDS	0	SSYSSTTRVV	IGLV2-14*01	IGLJ3*01	AKPNVGSGWSFDS	IGHV3-23*04	IGHJ5*01
8751	QAW AWD WDS DSS SST STG TGV GVV	AKD KDS DSG SGV GVG VGL GLA LAL ALP LPI PIN INF NFD FDY	0	QAWDSSTGVV	IGLV3-1*01	IGLJ3*01	AKDSGVGLALPINFDY	IGHV3-23*04	IGHJ4*01
202253	NSR SRD RDS DST STN TND NDP DPV PVL	ARW RWS WSG SGT GTY TYY YYD YDY	0	NSRDSTNDPVL	IGLV3-19*01	IGLJ3*01	ARWSGTYYDY	IGHV3-66*02	IGHJ4*02
313	QQH QHD HDY DYP YPY PYT	ARL RLG LGS GSD SDY DYD YDV DVW VWF WFD FDY	0	QQHDYPYT	IGKV3-11*01	IGKJ2*01	ARLGSDYDVWFDY	IGHV2-5*09	IGHJ4*01
206	QQS QSY SYT YTT TTP TPP PPT	ARF RFW FWW WWR WRS RSF SFD FDY	0	QQSYTTPPT	IGKV1D-39*01	IGKJ1*01	ARFWWRSFDY	IGHV3-66*02	IGHJ4*01
1355	QQY QYN YNT NTY TYS YSW SWW WWT	ASR SRL RLG LGV GVR VRA RAT ATT TTG TGD GDL DLD LDY	0	QQYNTYSWWT	IGKV1-5*01	IGKJ1*01	ASRLGVRATTGDLDY	IGHV3-53*01	IGHJ4*01
1465	QQS QSY SYT YTT TTP TPP PPT	ARG RGS GSG SGH GHV HVN VNA NAV AVK VKN KNY NYG YGY GYV YVM VMD MDY	0	QQSYTTPPT	IGKV1D-39*01	IGKJ1*01	ARGSGHVNAVKNYGYVMDY	IGHV3-66*02	IGHJ4*01
809	QQY QYE YEF	TRG RGK GKY KYC YCT CTA TAR ARD RDY DYY YYN YNW NWD WDF DFE FEH	0	QQYEF	IGKV3-20*01	IGKJ1*01	TRGKYCTARDYYNWDFEH	IGHV1-18*04	IGHJ1*01
19752	QSY SYD YDR DRY RYT YTH THP HPA PAL ALL	KTH THG HGS GSH SHD HDN	0	QSYDRYTHPALL	IGLV1-40*01	IGLJ1*01	KTHGSHDN	IGHV3-30*02	IGHJ3*01
976	QSY SYD YDS DSS SSS SSW SWV	ARL RLG LGG GGR GRY RYY YYY YYD YDS DSS SSG SGY GYY YYY YYF YFD FDY	0	QSYDSSSWV	IGLV6-57*01	IGLJ3*02	ARLGGRYYYDSSGYYYFDY	IGHV5-51*01	IGHJ4*01
19800	HQY QYY YYS YSS SSP SPL PLT	ALL LLT LTV TVL VLT LTP TPD PDD DDA DAF AFD FDI	0	HQYYSSPLT	IGKV4-1*01	IGKJ4*01	ALLTVLTPDDAFDI	IGHV1-3*01	IGHJ3*02
999	QQY QYG YGG GGS GSP SPY PYT	ARG RGT GTD TDY DYT YTI TID IDD DDQ DQG QGI GIF IFY FYK YKG KGS GSG SGT GTF TFW FWY WYF YFD FDL	0	QQYGGSPYT	IGKV3-20*01	IGKJ1*01	ARGTDYTIDDQGIFYKGSGTFWYFDL	IGHV3-20*01	IGHJ2*01
19709	QQR QRD RDN DNW NWP WPP PPD PDA DAT	AKE KEG EGG GGD GDN DNK NKF KFS FSF SFD FDY	0	QQRDNWPPDAT	IGKV3-11*01	IGKJ1*01	AKEGGDNKFSFDY	IGHV3-30*18	IGHJ4*01
19749	SSY SYA YAG AGS GSV SVV	AKD KDL DLT LTL TLM LMY MYV YVF VFD FDS DSG SGW GWA WAR ARG RGA GAH AHD HDY DYY YYG YGM GMD MDV	1	SSYAGSVV	IGLV2-14*02	IGLJ3*01	AKDLTLMYVFDSGWARGAHDYYGMDV	IGHV1-2*02	IGHJ6*02
908	QEY EYS YSS SST STP TPY PYN	ARD RDG DGL GLG LGE GEV EVA VAP APA PAY AYL YLY LYG YGI GID IDA	0	QEYSSTPYN	IGKV3S9*01	IGKJ1*01	ARDGLGEVAPAYLYGIDA	IGHV1-46*02	IGHJ6*02
1347	QHY HYY YYT YTT TTH THR HRT	ARD RDD DDG DGY GYY YYD YDR DRS RSG SGY GYY YYG YGV GVF VFD FDL	0	QHYYTTHRT	IGKV4-1*01	IGKJ5*01	ARDDGYYDRSGYYGVFDL	IGHV3-11*01	IGHJ5*01
715	QQA QAN ANS NSF SFF FFT	AAD ADP DPW PWE WEL ELN LNA NAF AFN FNV	0	QQANSFFT	IGKV1-12*01	IGKJ4*01	AADPWELNAFNV	IGHV1-69-2*01	IGHJ1*01
416	QVW VWD WDS DSS SSS SSD SDH DHV HVI	ARG RGG GGL GLE LEP EPR PRS RSV SVD VDY DYY YYY YYY YYG YGM GMD MDV	1	QVWDSSSDHVI	IGLV3-21*02	IGLJ3*01	ARGGLEPRSVDYYYYGMDV	IGHV1-2*04	IGHJ6*02
8748	QQY QYY YYS YST STP TPL PLT	AKV KVG VGG GGS GSA SAY AYY YYE YED EDP DPY PYS YSL SLG LGY GYL YLD LDF	0	QQYYSTPLT	IGKV4-1*01	IGKJ4*01	AKVGGSAYYEDPYSLGYLDF	IGHV1-69D*01	IGHJ5*01
19783	QQY QYG YGS GSS SSP SPY PYT	ARG RGI GIA IAS ASA SAG AGT GTP TPD PDY DYF YFF FFY	0	QQYGSSPYT	IGKV3-20*01	IGKJ2*01	ARGIASAGTPDYFFY	IGHV1-69D*01	IGHJ4*01
708	QQW QWA WAV AVH VHS HSL SLI LIT	ARY RYV YVY VYH YHA HAL ALD LDY	0	QQWAVHSLIT	IGKV1S22*01	IGKJ1*01	ARYVYHALDY	IGHV3-66*02	IGHJ4*01
19671	HMW MWD WDS DSR SRS RSG SGF GFS FSW SWS	ART RTQ TQH QHG HGR GRR RRI RIY IYG YGI GIV IVA VAF AFR FRE REW EWF WFT FTY TYF YFY FYM YMD MDV	0	HMWDSRSGFSWS	IGLV3-21*01	IGLJ3*02	ARTQHGRRIYGIVAFREWFTYFYMDV	IGHV4-4*08	IGHJ6*02
1254	QQY QYF YFY FYW YWP WPI PIT	ARS RSY SYS YSW SWS WSY SYA YAI AID IDY	0	QQYFYWPIT	IGKV1D-39*01	IGKJ1*01	ARSYSWSYAIDY	IGHV3-66*02	IGHJ4*01
365	QHY HYD YDD DDL DLP LPR PRI RIT	ARA RAS ASY SYS YSS SSS SSS SSP SPY PYA YAF AFD FDI	0	QHYDDLPRIT	IGKV1D-33*01	IGKJ5*01	ARASYSSSSPYAFDI	IGHV1-69*05	IGHJ3*02
925	QQY QYD YDN DNL NLP LPP PPL PLT	ARD RDR DRI RIV IVD VDD DDY DYY YYY YYY YYG YGM GMD MDV	0	QQYDNLPPLT	IGKV1D-33*01	IGKJ4*01	ARDRIVDDYYYYGMDV	IGHV3-30*11	IGHJ6*02
201247	QQY QYS YSN SNW NWP WPR PRT	ARA RAP APD PDD DDY DYY YYD YDS DSV SVG VGY GYY YYY YYG YGC GCP CPY PYF YFD FDS	1	QQYSNWPRT	IGKV3D-15*01	IGKJ2*01	ARAPDDYYDSVGYYYGCPYFDS	IGHV4-4*08	IGHJ5*01
1587	QCF CFE FEG	VRG RGK GKS KSC SCC CCN CNG NGR GRR RRY RYC YCN CNG NGA GAD ADC DCF CFN FNW NWD WDF DFE FEY	0	QCFEG	IGKV3-20*01	IGKJ2*01	VRGKSCCNGRRYCNGADCFNWDFEY	IGHV1-2*04	IGHJ4*01
37271	ASW SWD WDD DDS DSL SLS LSG SGH GHW HWV	ARV RVR VRS RSG SGT GTN TNY NYG YGS GSY SYY YYY YYY YYY YYY YYG YGM GMD MDV	0	ASWDDSLSGHWV	IGLV1-47*01	IGLJ3*02	ARVRSGTNYGSYYYYYYGMDV	IGHV1-8*01	IGHJ6*01
19755	QQS QSQ SQW QWY WYP YPI PIT	ARS RSY SYS YST STK TKL KLA LAM AMD MDY	0	QQSQWYPIT	IGKV1D-39*01	IGKJ1*01	ARSYSTKLAMDY	IGHV3-66*02	IGHJ4*01
1435	QQY QYE YET	ARG RGV GVR VRR RRD RDA DAS ASW SWW WWL WLQ LQF	0	QQYET	IGKV3D-15*01	IGKJ1*01	ARGVRRDASWWLQF	IGHV1-2*02	IGHJ1*01
19785	QQS QSY SYS YST STL TLT LTW TWT	ARS RSG SGF GFC FCS CSD SDD DDA DAC ACY CYR YRR RRG RGS GSW SWF WFD FDP	0	QQSYSTLTWT	IGKV1D-39*01	IGKJ1*01	ARSGFCSDDACYRRGSWFDP	IGHV4-4*08	IGHJ5*02
1349	QSR SRD RDI DIS ISQ SQY QYV	ART RTF TFH FHI HIR IRR RRY RYR YRS RSG SGY GYY YYD YDK DKM KMD MDH	0	QSRDISQYV	IGLV1-47*02	IGLJ3*01	ARTFHIRRYRSGYYDKMDH	IGHV1-69D*01	IGHJ6*02
339	AAW AWD WDD DDS DSL SLN LNG NGP GPV	ARD RDW DWG WGS GSN SNY NYV YVW VWG WGS GSY SYP YPK PKY	0	AAWDDSLNGPV	IGLV1-44*01	IGLJ3*01	ARDWGSNYVWGSYPKY	IGHV1-46*01	IGHJ4*01
352	QQY QYS YSN SNY NYP YPL PLT	ARD RDN DNP NPT PTL TLL LLG LGS GSD SDY	0	QQYSNYPLT	IGKV1-5*03	IGKJ4*01	ARDNPTLLGSDY	IGHV1-69D*01	IGHJ4*01
179	QAW AWD WDS DSS SST STA TAV	ANN NNN NNG NGQ GQQ QQL QLV LVY VYS YSY SYM YMD MDV	0	QAWDSSTAV	IGLV3-1*01	IGLJ1*01	ANNNGQQLVYSYMDV	IGHV3-30*02	IGHJ6*04
896	QQL QLN LNS NSY SYS YSL SLT	ARG RGG GGM GMT MTM TMV MVR VRG RGV GVM VMM MMD	0	QQLNSYSLT	IGKV1-9*01	IGKJ4*01	ARGGMTMVRGVMMD	IGHV1-2*04	IGHJ6*02
1469	AAW AWD WDD DDS DSL SLN LNG NGP GPV	ARD RDW DWG WGS GSN SNY NYV YVW VWG WGS GSY SYP YPK PKY	0	AAWDDSLNGPV	IGLV1-44*01	IGLJ3*01	ARDWGSNYVWGSYPKY	IGHV1-46*01	IGHJ4*01
19762	QQY QYY YYY YYG YGY GYP YPI PIT	ARY RYK YKY KYP YPY PYW YWS WSW SWY WYY YYY YYW YWG WGG GGM GMD MDY	0	QQYYYGYPIT	IGKV1D-39*01	IGKJ1*01	ARYKYPYWSWYYYWGGMDY	IGHV3-66*02	IGHJ4*01
1021	QVW VWD WDD DDS DSI SIN INA NAY AYV	ARN RNF NFV FVR VRG RGF GFG FGW GWH WHF HFD FDL	0	QVWDDSINAYV	IGLV3-21*02	IGLJ1*01	ARNFVRGFGWHFDL	IGHV3-7*02	IGHJ2*01
1373	QQS QSN SNN NNV NVP VPH PHT	ARD RDK DKK KKQ KQG QGE GEV EVV VVL VLP LPA PAA AAS ASF SFR FRW RWF WFA FAP	1	QQSNNVPHT	IGKV1S1*01	IGKJ1*01	ARDKKQGEVVLPAASFRWFAP	IGHV1-18*04	IGHJ5*02
201045	QQR QRN RNS NSW SWP WPP PPL PLT	ARD RDG DGT GTC TCG CGG GGG GGN GNC NCY CYS YSG SGL GLL LLD LDY	0	QQRNSWPPLT	IGKV3-11*01	IGKJ2*01	ARDGTCGGGNCYSGLLDY	IGHV3-30*03	IGHJ4*02
300	TSW SWD WDD DDS DSL SLD LDS DSQ SQL	ARL RLE LEP EPG PGY GYS YSS SST STW TWS WSV SVN	0	TSWDDSLDSQL	IGLV1-36*01	IGLJ3*01	ARLEPGYSSTWSVN	IGHV5-10-1*03	IGHJ1*01
909	QQS QSF SFQ FQT QTV TVG VGS	VRV RVT VTF TFY FYH YHE HEG EGS GSG SGY GYY YYY YYR YRA RAG AGN GNY NYF YFD FDS	0	QQSFQTVGS	IGKV1D-39*01	IGKJ3*01	VRVTFYHEGSGYYYRAGNYFDS	IGHV3-23*02	IGHJ5*01
1602	SSY SYT YTS TSS SSS SST STL TLV	ARE REG EGD GDG DGA GAF AFD FDY	0	SSYTSSSTLV	IGLV2-14*01	IGLJ3*01	AREGDGAFDY	IGHV1-18*04	IGHJ4*01
523	AAW AWD WDD DDS DSL SLS LSA SAH AHV HVV	ARE REL ELL LLM LMD MDY DYY YYD YDH DHI HIG IGY GYS YSP SPG PGP GPT	1	AAWDDSLSAHVV	IGLV1-44*01	IGLJ3*01	ARELLMDYYDHIGYSPGPT	IGHV3-30*11	IGHJ1*01
544	QQY QYD YDN DNL NLP LPI PIT	ARG RGI GIS ISG SGS GSY SYG YGW GWF WFD FDP	1	QQYDNLPIT	IGKV1D-33*01	IGKJ5*01	ARGISGSYGWFDP	IGHV1-69D*01	IGHJ5*02
528	SSR SRD RDK DKS KSG SGS GSR SRL RLS LSV	ART RTG TGK GKY KYY YYD YDF DFW FWS WSG SGY GYP YPP PPG PGE GEE EEY EYF YFQ FQD	0	SSRDKSGSRLSV	IGLV3-19*01	IGLJ3*01	ARTGKYYDFWSGYPPGEEYFQD	IGHV3-15*04	IGHJ1*01
358	QQY QYD YDN DNS NSV SVC VCT	ARG RGP GPV PVP VPA PAV AVF VFY FYG YGD GDY DYR YRL RLD LDP	0	QQYDNSVCT	IGKV3-20*01	IGKJ2*01	ARGPVPAVFYGDYRLDP	IGHV4-59*08	IGHJ5*02
19630	QQS QSH SHS HSP SPP PPV PVT	ARE REQ EQR QRN RNK NKD KDY DYR YRY RYG YGQ GQE QEG EGF GFG FGY GYS YSY SYG YGM GMD MDV	0	QQSHSPPVT	IGKV1D-39*01	IGKJ3*01	AREQRNKDYRYGQEGFGYSYGMDV	IGHV3-49*04	IGHJ6*02
19634	QEA EAY AYS YSS SST STP TPT PTL TLT	TAD ADL DLG LGE GEP EPV PVV VVS VSR SRF RFF FFE FEW EWG WGS GSY SYY YYY YYY YYM YMD MDL	0	QEAYSSTPTLT	IGKV1D-39*01	IGKJ5*01	TADLGEPVVSRFFEWGSYYYYMDL	IGHV3-15*06	IGHJ6*04
28798	MQG QGI GIH IHS HSW SWT	VKV KVG VGA GAN ANW NWG WGW GWR WRY RYF YFD FDL	0	MQGIHSWT	IGKV2-29*02	IGKJ1*01	VKVGANWGWRYFDL	IGHV3-33*03	IGHJ2*01
1416	QVW VWD WDS DSS SSS SSV SVV	ARG RGP GPL PLS LSR SRG RGY GYY YYD YDY	0	QVWDSSSVV	IGLV3-21*03	IGLJ3*01	ARGPLSRGYYDY	IGHV1-69D*01	IGHJ4*01
1606	QCL CLE LEA	VRG RGR GRS RSC SCC CCG CGG GGR GRR RRH RHC HCN CNG NGA GAD ADC DCF CFN FNW NWD WDF DFQ FQH	0	QCLEA	IGKV3-20*01	IGKJ2*01	VRGRSCCGGRRHCNGADCFNWDFQH	IGHV1-2*04	IGHJ1*01
1400	QQY QYD YDG DGS GSQ SQY QYT	ARG RGS GSA SAM AMI MIF IFG FGI GIV IVI VII IIL ILE LES	1	QQYDGSQYT	IGKV3-20*01	IGKJ2*01	ARGSAMIFGIVIILES	IGHV6-1*01	IGHJ5*01
36463	QQF QFG FGA GAS ASP SPP PPY PYS	AKK KKG KGW GWQ WQS QST STF TFL FLG LGM GMD MDY DYF YFY FYG YGM GMD MDV	0	QQFGASPPYS	IGKV3-20*01	IGKJ1*01	AKKGWQSTFLGMDYFYGMDV	IGHV3-48*01	IGHJ6*04
548	QQY QYE YEF	ARG RGK GKN KNS NSD SDY DYN YNW NWD WDF DFQ FQH	0	QQYEF	IGKV3-11*01	IGKJ2*01	ARGKNSDYNWDFQH	IGHV1-2*02	IGHJ1*01
19687	GTF TFA FAG AGG GGS GSY SYY YYG YGV	ARG RGG GGW GWF WFD FDY	0	GTFAGGSYYGV	IGLV2-23*02	IGLJ3*01	ARGGWFDY	IGHV1-2*02	IGHJ4*01
638	NAF AFE FEF	ARR RRM RMR MRS RSQ SQD QDR DRE REW EWD WDF DFQ FQH	0	NAFEF	IGLV2-14*02	IGLJ3*01	ARRMRSQDREWDFQH	IGHV1-2*02	IGHJ1*01
326	AAW AWD WDD DDS DSL SLN LNG NGF GFW FWV	ART RTL TLR LRV RVS VSG SGD GDY DYV YVR VRD RDF DFD FDL	1	AAWDDSLNGFWV	IGLV1-44*01	IGLJ3*02	ARTLRVSGDYVRDFDL	IGHV2-70*13	IGHJ2*01
291	QQS QSY SYA YAT ATL TLP LPT	ARN RNA NAL ALY LYG YGS GSG SGG GGY GYY YYA YAM AMD MDY	0	QQSYATLPT	IGKV1D-39*01	IGKJ1*01	ARNALYGSGGYYAMDY	IGHV3-66*02	IGHJ4*01
491	STW TWD WDD DDT DTL TLK LKG KGW GWV	ARR RRQ RQL QLL LLD LDD DDG DGT GTG TGY GYQ YQW QWA WAA AAF AFD FDV	0	STWDDTLKGWV	IGLV1-36*01	IGLJ3*02	ARRQLLDDGTGYQWAAFDV	IGHV4-39*07	IGHJ3*01
22512	CSY SYA YAF AFS FSN SNT NTW TWQ	ARD RDG DGM GMG MGR GRS RSS SSG SGS GSF SFS FSA SAF AFD FDY	0	CSYAFSNTWQ	IGLV2-23*01	IGLJ3*02	ARDGMGRSSGSFSAFDY	IGHV3-30*15	IGHJ4*01
19753	QQD QDG DGW GWS WSL SLI LIT	ARG RGY GYG YGW GWA WAL ALD LDY	0	QQDGWSLIT	IGKV1D-39*01	IGKJ1*01	ARGYGWALDY	IGHV3-66*02	IGHJ4*01
667	HIW IWD WDS DSR SRR RRP RPT PTN TNW NWV	ATT TTK TKH KHG HGR GRR RRI RIY IYG YGV GVV VVA VAF AFK FKE KEW EWF WFT FTY TYF YFY FYM YMD MDV	0	HIWDSRRPTNWV	IGLV3-21*01	IGLJ3*02	ATTKHGRRIYGVVAFKEWFTYFYMDV	IGHV4-59*02	IGHJ6*04
1043	SSR SRD RDK DKS KSG SGS GSR SRL RLS LSV	ART RTG TGK GKY KYY YYD YDF DFW FWS WSG SGY GYP YPP PPG PGE GEE EEY EYF YFQ FQD	0	SSRDKSGSRLSV	IGLV3-19*01	IGLJ3*01	ARTGKYYDFWSGYPPGEEYFQD	IGHV3-15*04	IGHJ1*01
8703	QAW AWD WDS DST STL TLG LGV GVV	ARL RLG LGF GFE FEG EGD GDY DYS YSG SGS GSF SFF FFD FDY	0	QAWDSTLGVV	IGLV3-1*01	IGLJ3*01	ARLGFEGDYSGSFFDY	IGHV5-51*01	IGHJ4*01
392	AAW AWD WDD DDS DSL SLS LSG SGP GPY PYV	TRD RDR DRS RSR SRV RVR VRY RYF YFD FDR DRE RES ESG SGW GWF WFD FDP	0	AAWDDSLSGPYV	IGLV1-47*02	IGLJ3*01	TRDRSRVRYFDRESGWFDP	IGHV1-69*10	IGHJ5*02
19790	QQY QYE YEF	TRG RGK GKY KYC YCT CTA TAR ARD RDY DYY YYN YNW NWD WDF DFE FEH	0	QQYEF	IGKV3S7*01	IGKJ1*01	TRGKYCTARDYYNWDFEH	IGHV1-18*04	IGHJ1*01
795	AAW AWD WDD DDS DSL SLN LNG NGW GWV	AKD KDG DGA GAY AYY YYY YYD YDY DYS YSG SGY GYP YPY PYD YDY DYN YNG NGI GID IDV	0	AAWDDSLNGWV	IGLV1-44*01	IGLJ3*02	AKDGAYYYDYSGYPYDYNGIDV	IGHV3-30*18	IGHJ6*02
363	QHY HYA YAG AGY GYS YSA SAT	ARK RKG KGS GSD SDR DRL RLS LSD SDN DND NDP DPF PFD FDA	0	QHYAGYSAT	IGKV1-5*03	IGKJ5*01	ARKGSDRLSDNDPFDA	IGHV3-21*03	IGHJ5*01
202270	QQR QRL RLN LNW NWP WPP PPL PLT	AKV KVL VLS LSP SPG PGG GGS GSN SNM NMV MVW VWD WDY	0	QQRLNWPPLT	IGKV3-11*01	IGKJ4*01	AKVLSPGGSNMVWDY	IGHV3-23*01	IGHJ4*02
362	QQY QYE YEF	TRG RGK GKN KNC NCD CDY DYN YNW NWD WDF DFE FEH	0	QQYEF	IGKV3-20*01	IGKJ1*01	TRGKNCDYNWDFEH	IGHV1-18*04	IGHJ1*01
865	QQI QIS ISQ SQY QYP YPI PIT	ART RTG TGM GMY MYF YFG FGF GFF FFH FHH HHS HSW SWS WSN SNA NAA AAL ALD LDY	0	QQISQYPIT	IGKV1D-39*01	IGKJ1*01	ARTGMYFGFFHHSWSNAALDY	IGHV3-66*02	IGHJ4*01
954	QQL QLN LNS NSY SYP YPL PLT	ARV RVG VGY GYC YCS CSS SST STS TSC SCN CNR NRG RGA GAF AFD FDI	0	QQLNSYPLT	IGKV1-17*01	IGKJ4*01	ARVGYCSSTSCNRGAFDI	IGHV1-69*14	IGHJ3*02
19635	QEN ENY NYN YNT NTI TIP IPS PSL SLS	TMD MDE DEG EGT GTP TPV PVT VTR TRF RFL FLE LEW EWG WGY GYF YFY FYY YYY YYM YMA MAV	0	QENYNTIPSLS	IGKV1D-39*01	IGKJ3*01	TMDEGTPVTRFLEWGYFYYYMAV	IGHV3-15*06	IGHJ6*02
19609	MEA EAR ARQ RQT QTP TPR PRL RLT	VRG RGP GPE PES ESG SGW GWF WFY FYH YHY HYY YYW YWG WGL GLG LGV	0	MEARQTPRLT	IGKV2-28*01	IGKJ4*01	VRGPESGWFYHYYWGLGV	IGHV3-13*04	IGHJ6*02
466	QQS QSN SNR NRA RAP APA PAT	AKW KWW WWA WAW AWP WPA PAF AFD FDY	0	QQSNRAPAT	IGKV1S22*01	IGKJ1*01	AKWWAWPAFDY	IGHV3-66*02	IGHJ4*01
870	AAW AWD WDD DDS DSL SLN LND NDW DWV	VKD KDR DRV RVA VAV AVA VAG AGK GKG KGS GSY SYY YYF YFD FDS	0	AAWDDSLNDWV	IGLV1-36*01	IGLJ3*02	VKDRVAVAGKGSYYFDS	IGHV3-23*01	IGHJ5*01
19848	QQY QYY YYN YNS NSP SPY PYT	ARV RVG VGR GRP RPS PSK SKG KGG GGW GWF WFD FDP	0	QQYYNSPYT	IGKV4-1*01	IGKJ5*01	ARVGRPSKGGWFDP	IGHV5-51*01	IGHJ5*02
201248	AAW AWD WDD DDS DSL SLT LTV TVS	ARD RDL DLQ LQP QPP PPH PHS HSP SPY PYG YGM GMD MDV	1	AAWDDSLTVS	IGLV1-47*02	IGLJ1*01	ARDLQPPHSPYGMDV	IGHV3-33*01	IGHJ6*01
998	HMW MWD WDS DSR SRS RSG SGF GFS FSW SWS	ARA RAQ AQQ QQG QGK GKR KRI RIY IYG YGM GMV MVS VSF SFG FGE GEF EFF FFY FYY YYY YYY YYM YMD MDV	0	HMWDSRSGFSWS	IGLV3-21*01	IGLJ3*02	ARAQQGKRIYGMVSFGEFFYYYYMDV	IGHV4-4*08	IGHJ6*04
651	QQY QYG YGS GSS SSP SPT	ARD RDL DLT LTT TTL TLT LTS TSY SYN YNW NWW WWD WDL	0	QQYGSSPT	IGKV3-20*01	IGKJ4*01	ARDLTTLTSYNWWDL	IGHV1-69*02	IGHJ5*01
892	QCL CLE LEA	VRG RGR GRS RSC SCC CCG CGG GGR GRR RRH RHC HCN CNG NGA GAD ADC DCF CFN FNW NWD WDF DFQ FQH	0	QCLEA	IGKV3-20*01	IGKJ2*01	VRGRSCCGGRRHCNGADCFNWDFQH	IGHV1-2*04	IGHJ1*01
19789	QQS QSY SYS YST STP TPY PYT	ARA RAT ATN TNY NYD YDS DSS SSG SGY GYY YYS YSL SLY LYF YFD FDY	0	QQSYSTPYT	IGKV1D-39*01	IGKJ4*01	ARATNYDSSGYYSLYFDY	IGHV2-70*11	IGHJ4*01
415	QVW VWD WDS DSS SSS SSD SDH DHV HVI	ARG RGG GGL GLE LEP EPR PRS RSV SVD VDY DYY YYY YYY YYG YGM GMD MDV	1	QVWDSSSDHVI	IGLV3-21*02	IGLJ3*01	ARGGLEPRSVDYYYYGMDV	IGHV1-2*04	IGHJ6*02
19613	MQG QGT GTH THW HWP WPP PPY PYT	ARG RGY GYA YAD ADT DTP TPV PVF VFR FRR RRY RYY YYY YYY YYG YGM GMD MDV	0	MQGTHWPPYT	IGKV2-30*01	IGKJ1*01	ARGYADTPVFRRYYYYGMDV	IGHV4-34*01	IGHJ6*04
938	QQY QYD YDK DKL KLP LPT	VRD RDR DRD RDD DDF DFW FWS WSG SGY GYY YYK YKH	0	QQYDKLPT	IGKV1S2*01	IGKJ1*01	VRDRDDFWSGYYKH	IGHV3-11*03	IGHJ1*01
854	CSY SYA YAG AGG GGK GKS KSL SLV	ARD RDG DGV GVR VRY RYY YYY YYD YDS DST STG TGY GYY YYP YPD PDN DNF NFF FFQ FQY QYG YGL GLD LDV	0	CSYAGGKSLV	IGLV2-23*02	IGLJ3*01	ARDGVRYYYDSTGYYPDNFFQYGLDV	IGHV3-74*01	IGHJ6*02
1260	QQS QSY SYS YST STP TPS	ASS SSY SYD YDF DFW FWS WSN SNA NAF AFD FDI	0	QQSYSTPS	IGKV1D-39*01	IGKJ1*01	ASSYDFWSNAFDI	IGHV3-23*01	IGHJ3*02
19799	HQY QYY YYS YSS SSP SPL PLT	ALL LLT LTV TVL VLT LTP TPD PDD DDA DAF AFD FDI	0	HQYYSSPLT	IGKV4-1*01	IGKJ4*01	ALLTVLTPDDAFDI	IGHV1-3*01	IGHJ3*02
691	AAW AWD WDD DDS DSL SLI LIG IGV GVV	ARD RDK DKN KNP NPG PGT GTK TKP KPY PYY YYH YHY HYG YGM GMD MDV	0	AAWDDSLIGVV	IGLV1-36*01	IGLJ3*01	ARDKNPGTKPYYHYGMDV	IGHV3-33*01	IGHJ6*02
28871	MQS QSI SIQ IQL QLV LVT	TRG RGI GII IIV IVG VGD GDT DTW TWH WHF HFD FDP	0	MQSIQLVT	IGKV2D-29*02	IGKJ1*01	TRGIIVGDTWHFDP	IGHV3-73*01	IGHJ5*02
935	HQY QYS YSS SSH SHP HPP PPT	ARA RAD ADG DGL GLT LTY TYF YFS FSE SEL ELL LLQ LQY QYI YIF IFD FDL	0	HQYSSHPPT	IGKV4-1*01	IGKJ5*01	ARADGLTYFSELLQYIFDL	IGHV3-11*05	IGHJ5*01
19754	QQD QDG DGW GWS WSL SLI LIT	ARG RGY GYG YGW GWA WAL ALD LDY	0	QQDGWSLIT	IGKV1D-13*01	IGKJ1*01	ARGYGWALDY	IGHV3-66*02	IGHJ4*01
19639	QQY QYL YLY LYH YHP HPA PAT	ARR RRH RHW HWP WPG PGG GGF GFD FDY	0	QQYLYHPAT	IGKV1S22*01	IGKJ1*01	ARRHWPGGFDY	IGHV3-23*04	IGHJ4*01
605	QHY HYS YSN SNW NWP WPP PPR PRL RLT	AVP VPG PGP GPV PVF VFG FGI GIF IFP FPP PPW PWS WSY SYF YFD FDN	1	QHYSNWPPRLT	IGKV3D-15*01	IGKJ4*01	AVPGPVFGIFPPWSYFDN	IGHV3-30*11	IGHJ5*01
9240	QQY QYG YGS GSS SSP SPS PST	ARE REG EGT GTT TTG TGW GWG WGW GWL WLG LGK GKP KPI PIG IGA GAF AFA FAY	0	QQYGSSPST	IGKV3-20*01	IGKJ1*01	AREGTTGWGWLGKPIGAFAY	IGHV1-69*14	IGHJ4*01
19591	NSY SYS YSI SIH IHS HSP SPW PWV	ARD RDR DRR RRS RSG SGT GTS TSP SPL PLP LPL PLD LDV	0	NSYSIHSPWV	IGLV2-14*01	IGLJ3*02	ARDRRSGTSPLPLDV	IGHV3-21*03	IGHJ6*02
1005	QTW TWD WDS DSS SST STD TDV DVV	ARA RAV AVV VVF VFT FTD TDS DSS SSA SAY AYY YYY YYS YSK SKY KYF YFD FDY	0	QTWDSSTDVV	IGLV3-1*01	IGLJ3*01	ARAVVFTDSSAYYYSKYFDY	IGHV3-23*04	IGHJ4*01
1411	QSA SAD ADS DSS SSG SGD GDY DYV	ARE REW EWA WAE AED EDG DGD GDF DFG FGN GNA NAF AFH FHV	0	QSADSSGDYV	IGLV3-25*03	IGLJ1*01	AREWAEDGDFGNAFHV	IGHV4-4*08	IGHJ3*01
19589	QHF HFY FYS YSV SVP VPW PWT	AKD KDR DRG RGP GPR PRG RGV GVG VGE GEL ELF LFD FDS	0	QHFYSVPWT	IGKV1-5*03	IGKJ1*01	AKDRGPRGVGELFDS	IGHV3-23*01	IGHJ5*01
325	WSF SFA FAG AGS GSY SYY YYV	AGE GEL ELL LLP LPY PYY YYG YGM GMD MDV	0	WSFAGSYYV	IGLV2-11*01	IGLJ1*01	AGELLPYYGMDV	IGHV3-23*01	IGHJ6*02
1362	QHL HLI LIG IGL GLR LRS	ARR RRS RSN SNW NWP WPY PYL YLP LPF PFD FDP	0	QHLIGLRS	IGKV1-9*01	IGKJ2*01	ARRSNWPYLPFDP	IGHV4-34*01	IGHJ5*02
411	QQH QHY HYR YRT RTP TPP PPT	AKD KDS DSQ SQL QLR LRS RSL SLL LLY LYF YFE FEW EWL WLS LSQ SQG QGY GYF YFD FDP	1	QQHYRTPPT	IGKV4-1*01	IGKJ1*01	AKDSQLRSLLYFEWLSQGYFDP	IGHV3-30-3*02	IGHJ5*02
1034	QNY NYN YNS NSA SAP APL PLT	VRS RSD SDR DRG RGV GVA VAG AGL GLF LFD FDS	0	QNYNSAPLT	IGKV1-27*01	IGKJ4*01	VRSDRGVAGLFDS	IGHV3-13*04	IGHJ5*01
19748	QVW VWD WDS DSS SSS SSD SDH DHV HVV	ARL RLP LPM PMV MVT VTM TMS MSF SFD FDY	0	QVWDSSSDHVV	IGLV3-21*01	IGLJ3*01	ARLPMVTMSFDY	IGHV4-39*07	IGHJ4*01
556	QVY VYE YEF	ARQ RQR QRS RSD SDY DYW YWD WDF DFD FDV	0	QVYEF	IGKV1D-33*01	IGKJ5*01	ARQRSDYWDFDV	IGHV1-2*02	IGHJ3*01
8677	QQR QRS RSN SNW NWP WPP PPT	ARD RDR DRS RSY SYY YYL YLD LDY	0	QQRSNWPPT	IGKV3-11*01	IGKJ1*01	ARDRSYYLDY	IGHV3-30*11	IGHJ4*01
918	QQS QSS SSS SSS SSL SLI LIT	ARG RGY GYY YYG YGA GAA AAM AMD MDY	0	QQSSSSLIT	IGKV1D-39*01	IGKJ1*01	ARGYYGAAMDY	IGHV3-66*02	IGHJ4*01
500	ATW TWD WDD DDS DSL SLN LNG NGW GWV	ARD RDV DVQ VQY QYS YSG SGS GSY SYL YLG LGA GAY AYY YYF YFD FDY	1	ATWDDSLNGWV	IGLV1-47*01	IGLJ3*02	ARDVQYSGSYLGAYYFDY	IGHV1-18*04	IGHJ4*01
203	QQS QSV SVM VMI MIP IPM PMT	ARG RGR GRF RFF FFD FDY	0	QQSVMIPMT	IGKV1D-39*01	IGKJ1*01	ARGRFFDY	IGHV3-48*01	IGHJ4*01
424	LQI QIY IYN YNM NMP MPI PIT	ARG RGK GKG KGN GNT NTH THK HKP KPY PYG YGY GYV YVR VRY RYF YFD FDV	0	LQIYNMPIT	IGKV3-11*01	IGKJ1*01	ARGKGNTHKPYGYVRYFDV	IGHV3-23*04	IGHJ5*01
8679	QSY SYD YDR DRS RSL SLS LSG SGV	ARA RAR ARA RAT ATG TGY GYN YNS NSI SIT ITP TPY PYF YFD FDI	0	QSYDRSLSGV	IGLV1-40*02	IGLJ1*01	ARARATGYNSITPYFDI	IGHV3-21*03	IGHJ5*01
19706	QQY QYY YYN YNY NYP YPL PLT	ARF RFV FVN VNW NWD WDG DGD GDY DYM YMD MDY	1	QQYYNYPLT	IGKV1D-39*01	IGKJ1*01	ARFVNWDGDYMDY	IGHV3-66*02	IGHJ4*01
1327	QQY QYD YDG DGL GLP LPF PFT	AKH KHM HMS MSM SMQ MQQ QQV QVV VVS VSA SAG AGW GWE WER ERA RAD ADL DLV LVG VGD GDA DAF AFD FDV	1	QQYDGLPFT	IGKV1D-33*01	IGKJ3*01	AKHMSMQQVVSAGWERADLVGDAFDV	IGHV3-23*01	IGHJ3*01
562	QQF QFE FEF	VRR RRG RGS GSS SSC SCP CPH PHC HCG CGD GDF DFH FHF HFE FEH	0	QQFEF	IGKV3D-11*01	IGKJ5*01	VRRGSSCPHCGDFHFEH	IGHV1-2*02	IGHJ1*01
810	QQY QYE YEF	TRG RGK GKY KYC YCT CTA TAR ARD RDY DYY YYN YNW NWD WDF DFE FEH	0	QQYEF	IGKV3-20*01	IGKJ1*01	TRGKYCTARDYYNWDFEH	IGHV1-18*04	IGHJ1*01
19727	QSY SYD YDR DRR RRL RLS LSG SGS GSW SWV	ARA RAA AAY AYY YYD YDT DTS TSG SGY GYG YGD GDY	0	QSYDRRLSGSWV	IGLV1-40*01	IGLJ3*02	ARAAYYDTSGYGDY	IGHV3-33*01	IGHJ4*01
36458	QQR QRS RSK SKW KWG WGV GVT	ARD RDR DRF RFP FPT PTV TVS VSG SGE GEP EPF PFA FAM AMD MDV	0	QQRSKWGVT	IGKV3-11*01	IGKJ3*01	ARDRFPTVSGEPFAMDV	IGHV1-46*01	IGHJ6*01
1580	QQY QYK YKH KHW HWP WPP PPY PYT	ARA RAP APS PSG SGY GYP YPG PGV GVS VSL SLY LYQ YQY QYY YYG YGL GLD LDV	0	QQYKHWPPYT	IGKV3D-15*01	IGKJ2*01	ARAPSGYPGVSLYQYYGLDV	IGHV4-34*01	IGHJ6*02
552	QVW VWD WDS DSF SFS FST STF TFV	ASL SLP LPR PRG RGQ GQL QLV LVN VNA NAY AYF YFR FRN	0	QVWDSFSTFV	IGLV3-1*01	IGLJ6*01	ASLPRGQLVNAYFRN	IGHV4-59*03	IGHJ2*01
28870	MQA QAV AVQ VQT QTP TPL PLT	ARN RNV NVL VLD LDS DSS SSG SGY GYP YPT PTY TYF YFD FDY	0	MQAVQTPLT	IGKV2-28*01	IGKJ4*01	ARNVLDSSGYPTYFDY	IGHV3-21*03	IGHJ4*01
19728	QHY HYN YNS NSY SYF YFV FVT	ARD RDG DGY GYS YSS SSS SSF SFF FFD FDF	0	QHYNSYFVT	IGKV1-5*03	IGKJ1*01	ARDGYSSSFFDF	IGHV3-30*11	IGHJ5*01
211	QQS QSV SVM VMI MIP IPM PMT	ARG RGR GRF RFF FFD FDY	0	QQSVMIPMT	IGKV1D-39*01	IGKJ1*01	ARGRFFDY	IGHV3-48*01	IGHJ4*01
19721	GTF TFA FAG AGG GGS GSY SYY YYG YGV	ARG RGG GGW GWF WFD FDY	0	GTFAGGSYYGV	IGLV2-23*02	IGLJ3*01	ARGGWFDY	IGHV1-2*02	IGHJ4*01
202467	QHR HRG RGN GNW NWP WPP PPG PGA GAT	AKE KEG EGH GHG HGS GSD SDM DMT MTW TWR WRA RAD ADF DFD FDY	0	QHRGNWPPGAT	IGKV3-11*01	IGKJ3*01	AKEGHGSDMTWRADFDY	IGHV3-30*18	IGHJ4*02
1343	QQY QYN YNN NNW NWP WPL PLT	VRD RDA DAY AYV YVS VSG SGS GSD SDY DYY YYY YYY YYG YGL GLD LDV	0	QQYNNWPLT	IGKV3D-15*01	IGKJ4*01	VRDAYVSGSDYYYYGLDV	IGHV3-9*01	IGHJ2*01
889	QQY QYE YEF	VRK RKG KGP GPS PSC SCP CPH PHC HCG CGD GDF DFH FHW HWQ WQH	0	QQYEF	IGKV3-20*01	IGKJ1*01	VRKGPSCPHCGDFHWQH	IGHV1-2*02	IGHJ1*01
19786	LQH QHD HDI DIY IYA YAS AST	ARL RLA LAS ASG SGF GFR FRD RDY	0	LQHDIYAST	IGKV1-17*01	IGKJ3*01	ARLASGFRDY	IGHV1-2*02	IGHJ4*01
1396	GTW TWD WDS DSS SSL SLS LSV SVW VWV	ARD RDH DHL HLG LGW GWS WSS SSI SIW IWS WSA SAP APE PES ESF SFL FLD LDY	0	GTWDSSLSVWV	IGLV1-51*01	IGLJ3*02	ARDHLGWSSIWSAPESFLDY	IGHV3-30*11	IGHJ4*01
826	GTP TPD PDR DRS RSL SLS LSV SVV	ARD RDG DGA GAK AKT KTV TVS VSN SNS NSG SGL GLS LSL SLL LLY LYY YYH YHN HNR NRL RLD LDA	0	GTPDRSLSVV	IGLV1-51*01	IGLJ3*01	ARDGAKTVSNSGLSLLYYHNRLDA	IGHV1-2*02	IGHJ3*01
19655	QQY QYN YNN NNW NWP WPP PPY PYT	ARL RLK LKR KRR RRG RGF GFS FSG SGE GEG EGY GYF YFD FDY	0	QQYNNWPPYT	IGKV3D-15*01	IGKJ1*01	ARLKRRGFSGEGYFDY	IGHV5-51*01	IGHJ4*01
876	SSY SYT YTS TSS SSS SST STR TRV	ARI RIK IKL KLG LGT GTV TVT VTT TTV TVD VDY	0	SSYTSSSTRV	IGLV2-14*01	IGLJ1*01	ARIKLGTVTTVDY	IGHV3-23*01	IGHJ4*01
1354	QQR QRS RSN SNW NWP WPP PPG PGY GYT	VKD KDL DLG LGI GIA IAA AAR ARR RRF RFV FVS VSG SGA GAF AFD FDI	0	QQRSNWPPGYT	IGKV3-11*01	IGKJ1*01	VKDLGIAARRFVSGAFDI	IGHV3-23*04	IGHJ3*02
866	QQS QSS SSS SSS SSL SLI LIT	ARY RYE YET ETL TLY LYW YWP WPY PYQ YQN QNS NSG SGM GMD MDY	0	QQSSSSLIT	IGKV1D-39*01	IGKJ1*01	ARYETLYWPYQNSGMDY	IGHV3-66*02	IGHJ4*01
189	CSY SYA YAG AGS GSS SST STE TEV EVV	ARG RGP GPK PKE KEQ EQV QVV VVR VRW RWF WFD FDP	0	CSYAGSSTEVV	IGLV2-23*02	IGLJ3*01	ARGPKEQVVRWFDP	IGHV1-18*04	IGHJ5*02
26786	QQY QYY YYS YSS SSP SPP PPT	AKD KDL DLS LSP SPP PPY PYS YSY SYA YAW AWD WDI DIF IFQ FQY	0	QQYYSSPPT	IGKV4-1*01	IGKJ4*01	AKDLSPPYSYAWDIFQY	IGHV3-30-3*02	IGHJ1*01
315	QQY QYS YSS SSY SYS YSS SSL SLF LFT	ARE REY EYY YYR YRW RWY WYT YTA TAI AID IDY	0	QQYSSYSSLFT	IGKV1D-39*01	IGKJ1*01	AREYYRWYTAIDY	IGHV3-66*02	IGHJ4*01
867	QQY QYP YPY PYY YYS YSS SSL SLI LIT	ARG RGR GRW RWY WYR YRR RRA RAL ALD LDY	0	QQYPYYSSLIT	IGKV1D-39*01	IGKJ1*01	ARGRWYRRALDY	IGHV3-74*01	IGHJ4*01
535	QQS QSY SYT YTT TTP TPP PPT	ART RTW TWL WLL LLR LRW RWV WVM VMD MDL	0	QQSYTTPPT	IGKV1D-39*01	IGKJ1*01	ARTWLLRWVMDL	IGHV3-66*02	IGHJ6*02
988	QSY SYD YDS DSS SSV SVV VVV	VRD RDD DDS DSY SYD YDG DGG GGG GGH GHY HYG YGL GLH LHN HNW NWF WFD FDS	1	QSYDSSVVV	IGLV1-40*01	IGLJ3*01	VRDDSYDGGGHYGLHNWFDS	IGHV3-23*01	IGHJ5*01
1351	FST STD TDS DSS SSG SGQ GQT QTW TWV	ANA NAG AGG GGG GGK GKY KYD YDY DYL YLD LDV	0	FSTDSSGQTWV	IGLV3-10*01	IGLJ3*02	ANAGGGKYDYLDV	IGHV3-33*03	IGHJ6*02
1000	QQY QYG YGR GRS RSP SPY PYT	ARG RGT GTD TDY DYT YTI TID IDD DDQ DQG QGI GIR IRY RYQ YQG QGS GSG SGT GTF TFW FWY WYF YFD FDV	0	QQYGRSPYT	IGKV3-20*01	IGKJ1*01	ARGTDYTIDDQGIRYQGSGTFWYFDV	IGHV3-20*01	IGHJ2*01
1340	QQY QYN YNH NHW HWL WLR LRT	AKD KDE DES ESP SPP PPI PIY IYN YNL NLM LMP MPG PGY GYY YYS YST STY TYY YYY YYM YMD MDV	1	QQYNHWLRT	IGKV3D-15*01	IGKJ2*01	AKDESPPIYNLMPGYYSTYYYMDV	IGHV3-23*01	IGHJ6*04
872	NSY SYT YTT TTL TLS LST STW TWL	ARV RVS VSR SRG RGG GGS GSY SYS YSD	0	NSYTTLSTWL	IGLV2-14*01	IGLJ3*02	ARVSRGGSYSD	IGHV3-7*02	IGHJ1*01
28849	MQG QGT GTV TVG VGF GFT	AND NDI DIA IAG AGW GWG WGY GYD YDG DGS GSN SNA	0	MQGTVGFT	IGKV2-30*01	IGKJ3*01	ANDIAGWGYDGSNA	IGHV3-33*03	IGHJ1*01
202254	QSS SSD SDR DRT RTL TLV LVG VGS GSL	ARD RDL DLV LVL VLG LGS GSG SGS GSS SSN SND	0	QSSDRTLVGSL	IGLV1-40*01	IGLJ1*01	ARDLVLGSGSSND	IGHV3-23*01	IGHJ2*01
311	QQF QFY FYT YTT TTP TPS PST	ARG RGS GSG SGF GFR FRW RWV WVM VMD MDY	0	QQFYTTPST	IGKV1S22*01	IGKJ1*01	ARGSGFRWVMDY	IGHV3-74*03	IGHJ4*01
955	QQS QST STG TGH GHP HPQ PQT	ART RTY TYG YGI GIY IYD YDL DLY LYV YVD VDY DYT YTE TEY EYV YVM VMD MDY	0	QQSTGHPQT	IGKV1D-39*01	IGKJ1*01	ARTYGIYDLYVDYTEYVMDY	IGHV3-66*02	IGHJ4*01
