715	QQA QAN ANS NSF SFF FFT	AAD ADP DPW PWE WEL ELN LNA NAF AFN FNV	HIV	QQANSFFT	IGKV1-12*01	IGKJ4*01	AADPWELNAFNV	IGHV1-69-2*01	IGHJ1*01
19727	QSY SYD YDR DRR RRL RLS LSG SGS GSW SWV	ARA RAA AAY AYY YYD YDT DTS TSG SGY GYG YGD GDY	Not_HIV	QSYDRRLSGSWV	IGLV1-40*01	IGLJ3*02	ARAAYYDTSGYGDY	IGHV3-33*01	IGHJ4*01
28402	QNY NYN YNS NSA SAP APL PLT	VRS RSD SDR DRG RGV GVA VAG AGL GLF LFD FDS	Not_HIV	QNYNSAPLT	IGKV1-27*01	IGKJ4*01	VRSDRGVAGLFDS	IGHV3-13*04	IGHJ5*01
8746	EAW AWD WDG DGG GGL GLR LRG RGG GGV	ARL RLG LGG GGQ GQL QLW LWN WNS NSY SYY YYY YYY YYY YYY YYM YMD MDV	Not_HIV	EAWDGGLRGGV	IGLV1-44*01	IGLJ3*01	ARLGGQLWNSYYYYYYMDV	IGHV5-51*01	IGHJ6*04
8695	STW TWD WDS DSS SSL SLS LSA SAV AVV	ARS RSP SPS PSY SYI YIC ICS CSG SGG GGT GTC TCV CVF VFD FDH	Not_HIV	STWDSSLSAVV	IGLV10-HIV*01	IGLJ6*01	ARSPSYICSGGTCVFDH	IGHV1-69D*01	IGHJ1*01
19772	QQY QYF YFF FFL FLY LYS	ARI RIR IRQ RQV QVS VSK SKY KYL YLQ LQW QWY WYP YPG PGV GVF VFE FEM	HIV	QQYFFLYS	IGKV4-HIV*01	IGKJ2*01	ARIRQVSKYLQWYPGVFEM	IGHV3-7*02	IGHJ3*01
926	KSL SLT LTS TST STR TRR RRR RRV	VRE REA EAG AGG GGP GPD PDY DYR YRN RNG NGY GYN YNX NXX XXD XDF DFY FYD YDG DGY GYY YYN YNY NYH YHY HYM YMD MDV	HIV	KSLTSTRRRV	IGLV2-14*01	IGLJ3*01	VREAGGPDYRNGYNXXDFYDGYYNYHYMDV	IGHV3-30*03	IGHJ6*04
28880	QAW AWD WDS DSG SGI GIW IWV	TVW VWY WYL YLE LET ETP TPD PDD DDG DGF GFD FDI	Not_HIV	QAWDSGIWV	IGLV4-69*02	IGLJ3*02	TVWYLETPDDGFDI	IGHV3-33*03	IGHJ3*02
26782	SSY SYA YAG AGS GSV SVV	AKD KDL DLT LTL TLM LMY MYV YVF VFD FDS DSG SGW GWA WAR ARG RGA GAH AHD HDY DYY YYG YGM GMD MDV	Not_HIV	SSYAGSVV	IGLV2-14*02	IGLJ3*01	AKDLTLMYVFDSGWARGAHDYYGMDV	IGHV1-2*02	IGHJ6*02
28836	QQS QSY SYS YST STP TPL PLT	ARD RDR DRG RGI GIG IGA GAR ARR RRG RGP GPY PYY YYM YMD MDV	Not_HIV	QQSYSTPLT	IGKV1D-39*01	IGKJ4*01	ARDRGIGARRGPYYMDV	IGHV3-33*01	IGHJ6*04
19636	QES ESY SYS YSS SST STP TPT PTH THI	TMD MDE DEG EGT GTP TPV PVT VTR TRF RFL FLE LEW EWG WGY GYF YFY FYY YYY YYM YMA MAV	HIV	QESYSSTPTHI	IGKV1D-39*01	IGKJ2*01	TMDEGTPVTRFLEWGYFYYYMAV	IGHV3-15*06	IGHJ6*02
776	QQY QYN YNT NTY TYW YWT	AYR YRR RRI RIG IGV GVP VPR PRR RRD RDE DEF EFD FDI	Not_HIV	QQYNTYWT	IGKV1-5*03	IGKJ1*01	AYRRIGVPRRDEFDI	IGHV3-23*01	IGHJ3*02
558	QQY QYE YEF	ARG RGK GKY KYC YCT CTA TAR ARD RDY DYY YYN YNW NWD WDF DFQ FQH	HIV	QQYEF	IGKV3-11*01	IGKJ2*01	ARGKYCTARDYYNWDFQH	IGHV1-2*02	IGHJ1*01
1605	QQF QFE FEF	VRK RKG KGP GPS PSC SCP CPH PHC HCG CGD GDF DFH FHW HWQ WQH	HIV	QQFEF	IGKV3-20*01	IGKJ5*01	VRKGPSCPHCGDFHWQH	IGHV1-2*02	IGHJ1*01
36475	QQS QSY SYS YST STP TPR PRT	AYS YSN SNT NTW TWT WTG TGG	Not_HIV	QQSYSTPRT	IGKV1D-39*01	IGKJ1*01	AYSNTWTGG	IGHV4-4*02	IGHJ4*02
908	QEY EYS YSS SST STP TPY PYN	ARD RDG DGL GLG LGE GEV EVA VAP APA PAY AYL YLY LYG YGI GID IDA	HIV	QEYSSTPYN	IGKV3S9*01	IGKJ1*01	ARDGLGEVAPAYLYGIDA	IGHV1-46*02	IGHJ6*02
1551	QQY QYN YNN NNW NWW WWT	VRN RNV NVG VGT GTA TAG AGS GSL SLL LLH LHY HYD YDH	HIV	QQYNNWWT	IGKV3D-15*01	IGKJ1*01	VRNVGTAGSLLHYDH	IGHV1-46*02	IGHJ3*01
1565	QQG QGA GAS ASW SWP WPF PFT	ARV RVG VGR GRF RFA FAS ASH SHQ HQL QLD LDY	Not_HIV	QQGASWPFT	IGKV3-11*01	IGKJ1*01	ARVGRFASHQLDY	IGHV5-51*01	IGHJ4*01
544	QQY QYD YDN DNL NLP LPI PIT	ARG RGI GIS ISG SGS GSY SYG YGW GWF WFD FDP	Not_HIV	QQYDNLPIT	IGKV1D-33*01	IGKJ5*01	ARGISGSYGWFDP	IGHV1-69D*01	IGHJ5*02
491	STW TWD WDD DDT DTL TLK LKG KGW GWV	ARR RRQ RQL QLL LLD LDD DDG DGT GTG TGY GYQ YQW QWA WAA AAF AFD FDV	Not_HIV	STWDDTLKGWV	IGLV1-36*01	IGLJ3*02	ARRQLLDDGTGYQWAAFDV	IGHV4-39*07	IGHJ3*01
201246	AAW AWD WDD DDS DSL SLN LNG NGW GWV	AKD KDV DVT VTY TYL YLY LYD YDS DSS SSG SGY GYY YYY YYG YGG GGA GAD ADR DRD RDY DYY YYF YFD FDY	Not_HIV	AAWDDSLNGWV	IGLV1-44*01	IGLJ3*02	AKDVTYLYDSSGYYYGGADRDYYFDY	IGHV3-23*01	IGHJ4*02
19709	QQR QRD RDN DNW NWP WPP PPD PDA DAT	AKE KEG EGG GGD GDN DNK NKF KFS FSF SFD FDY	Not_HIV	QQRDNWPPDAT	IGKV3-11*01	IGKJ1*01	AKEGGDNKFSFDY	IGHV3-30*18	IGHJ4*01
1411	QSA SAD ADS DSS SSG SGD GDY DYV	ARE REW EWA WAE AED EDG DGD GDF DFG FGN GNA NAF AFH FHV	HIV	QSADSSGDYV	IGLV3-25*03	IGLJ1*01	AREWAEDGDFGNAFHV	IGHV4-4*08	IGHJ3*01
556	QVY VYE YEF	ARQ RQR QRS RSD SDY DYW YWD WDF DFD FDV	HIV	QVYEF	IGKV1D-33*01	IGKJ5*01	ARQRSDYWDFDV	IGHV1-2*02	IGHJ3*01
19634	QEA EAY AYS YSS SST STP TPT PTL TLT	TAD ADL DLG LGE GEP EPV PVV VVS VSR SRF RFF FFE FEW EWG WGS GSY SYY YYY YYY YYM YMD MDL	HIV	QEAYSSTPTLT	IGKV1D-39*01	IGKJ5*01	TADLGEPVVSRFFEWGSYYYYMDL	IGHV3-15*06	IGHJ6*04
392	AAW AWD WDD DDS DSL SLS LSG SGP GPY PYV	TRD RDR DRS RSR SRV RVR VRY RYF YFD FDR DRE RES ESG SGW GWF WFD FDP	HIV	AAWDDSLSGPYV	IGLV1-47*02	IGLJ3*01	TRDRSRVRYFDRESGWFDP	IGHV1-69*10	IGHJ5*02
311	QQF QFY FYT YTT TTP TPS PST	ARG RGS GSG SGF GFR FRW RWV WVM VMD MDY	Not_HIV	QQFYTTPST	IGKV1S22*01	IGKJ1*01	ARGSGFRWVMDY	IGHV3-74*03	IGHJ4*01
19747	SSR SRD RDK DKS KSG SGS GSR SRL RLS LSV	ART RTG TGK GKY KYY YYD YDF DFW FWF WFG FGY GYP YPP PPG PGE GEE EEY EYF YFQ FQD	HIV	SSRDKSGSRLSV	IGLV3-19*01	IGLJ3*01	ARTGKYYDFWFGYPPGEEYFQD	IGHV3-74*03	IGHJ1*01
1306	AAW AWD WDD DDS DSL SLI LIG IGY GYV	AKD KDA DAR ARD RDC DCL CLL LLC LCA CAD ADW DWH WHF HFD FDL	Not_HIV	AAWDDSLIGYV	IGLV1-44*01	IGLJ1*01	AKDARDCLLCADWHFDL	IGHV3-30*18	IGHJ2*01
19687	GTF TFA FAG AGG GGS GSY SYY YYG YGV	ARG RGG GGW GWF WFD FDY	Not_HIV	GTFAGGSYYGV	IGLV2-23*02	IGLJ3*01	ARGGWFDY	IGHV1-2*02	IGHJ4*01
977	QQY QYG YGQ GQS QSL SLS LST	ARE REG EGT GTT TTG TGS GSG SGG GGK GKP KPI PIG IGA GAF AFA FAH	HIV	QQYGQSLST	IGKV3-20*01	IGKJ1*01	AREGTTGSGGKPIGAFAH	IGHV1-69*10	IGHJ1*01
708	QQW QWA WAV AVH VHS HSL SLI LIT	ARY RYV YVY VYH YHA HAL ALD LDY	Not_HIV	QQWAVHSLIT	IGKV1S22*01	IGKJ1*01	ARYVYHALDY	IGHV3-66*02	IGHJ4*01
927	QQF QFS FSV SVS VSP SPW PWT	ARD RDK DKV KVQ VQG QGR GRV RVE VEV EVG VGS GSG SGG GGR GRH RHD HDY	Not_HIV	QQFSVSPWT	IGKV3-20*01	IGKJ1*01	ARDKVQGRVEVGSGGRHDY	IGHV1-18*04	IGHJ4*01
919	QQF QFK FKR KRQ RQK QKE KEP EPI PIT	ART RTW TWY WYY YYG YGF GFD FDY	Not_HIV	QQFKRQKEPIT	IGKV1D-13*01	IGKJ1*01	ARTWYYGFDY	IGHV3-48*01	IGHJ4*01
303	QQY QYN YNN NNW NWP WPP PPR PRY RYT	AGV GVY VYE YEG EGE GEA EAD ADE DEG EGE GEY EYR YRN RNN NNG NGF GFL FLK LKH	HIV	QQYNNWPPRYT	IGKV3D-15*01	IGKJ5*01	AGVYEGEADEGEYRNNGFLKH	IGHV1-69*02	IGHJ1*01
1396	GTW TWD WDS DSS SSL SLS LSV SVW VWV	ARD RDH DHL HLG LGW GWS WSS SSI SIW IWS WSA SAP APE PES ESF SFL FLD LDY	Not_HIV	GTWDSSLSVWV	IGLV1-51*01	IGLJ3*02	ARDHLGWSSIWSAPESFLDY	IGHV3-30*11	IGHJ4*01
854	CSY SYA YAG AGG GGK GKS KSL SLV	ARD RDG DGV GVR VRY RYY YYY YYD YDS DST STG TGY GYY YYP YPD PDN DNF NFF FFQ FQY QYG YGL GLD LDV	Not_HIV	CSYAGGKSLV	IGLV2-23*02	IGLJ3*01	ARDGVRYYYDSTGYYPDNFFQYGLDV	IGHV3-74*01	IGHJ6*02
8750	SSY SYT YTL TLT LTS TSI SIV IVV	ARD RDR DRL RLR LRN RNW NWN WND NDD DDA DAF AFD FDI	Not_HIV	SSYTLTSIVV	IGLV2-14*01	IGLJ3*01	ARDRLRNWNDDAFDI	IGHV3-11*05	IGHJ3*02
50	QQG QGL GLL LLS LSP SPL PLT	ARF RFV FVF VFF FFL FLP LPY PYA YAM AMD MDY	Not_HIV	QQGLLSPLT	IGKV1S22*01	IGKJ1*01	ARFVFFLPYAMDY	IGHV3-23*04	IGHJ4*01
907	QEY EYS YSS SST STP TPY PYN	ARD RDG DGL GLG LGE GEV EVA VAP APD PDY DYR YRY RYG YGI GID IDV	HIV	QEYSSTPYN	IGKV3S9*01	IGKJ1*01	ARDGLGEVAPDYRYGIDV	IGHV1-46*02	IGHJ6*02
395	QAW AWD WDA DAS AST STG TGV	TRL RLY LYL YLF LFE FEG EGA GAQ AQS QSS SSN SNA NAF AFD FDL	HIV	QAWDASTGV	IGLV3-HIV*01	IGLJ3*01	TRLYLFEGAQSSNAFDL	IGHV5-51*01	IGHJ3*01
136	QQR QRS RSM SMW MWP WPP PPV PVT	ARD RDG DGK GKC KCG CGG GGG GGR GRC RCY CYS YSG SGL GLL LLD LDY	Not_HIV	QQRSMWPPVT	IGKV3-11*01	IGKJ2*01	ARDGKCGGGRCYSGLLDY	IGHV3-30*03	IGHJ3*01
161	ATW TWD WDD DDS DSL SLS LSA SAV AVI	ARL RLG LGP GPD PDD DDY DYT YTL TLD LDG DGM GMD MDV	Not_HIV	ATWDDSLSAVI	IGLV1-47*01	IGLJ3*01	ARLGPDDYTLDGMDV	IGHV4-39*07	IGHJ6*02
1465	QQS QSY SYT YTT TTP TPP PPT	ARG RGS GSG SGH GHV HVN VNA NAV AVK VKN KNY NYG YGY GYV YVM VMD MDY	Not_HIV	QQSYTTPPT	IGKV1D-39*01	IGKJ1*01	ARGSGHVNAVKNYGYVMDY	IGHV3-66*02	IGHJ4*01
203	QQS QSV SVM VMI MIP IPM PMT	ARG RGR GRF RFF FFD FDY	Not_HIV	QQSVMIPMT	IGKV1D-39*01	IGKJ1*01	ARGRFFDY	IGHV3-48*01	IGHJ4*01
1549	QQS QSR SRT	ARS RSG SGH GHI HIT ITV TVF VFG FGV GVN VNV NVD VDA DAF AFD FDM	Not_HIV	QQSRT	IGKV1D-39*01	IGKJ1*01	ARSGHITVFGVNVDAFDM	IGHV6-HIV*01	IGHJ3*01
1563	QQA QAY AYK YKT KTP TPY PYT	ARD RDD DDY DYS YST STY TYA YAF AFA FAY	Not_HIV	QQAYKTPYT	IGKV1D-39*01	IGKJ1*01	ARDDYSTYAFAY	IGHV1-69*10	IGHJ4*01
19558	SSW SWD WDS DST STG TGL GLV	ARG RGF GFG FGT GTD TDF	Not_HIV	SSWDSTGLV	IGLV3-25*03	IGLJ3*01	ARGFGTDF	IGHV3-23*04	IGHJ5*01
49	QQS QSY SYT YTT TTP TPP PPT	ARF RFV FVF VFF FFL FLP LPY PYA YAM AMD MDY	Not_HIV	QQSYTTPPT	IGKV1D-39*01	IGKJ1*01	ARFVFFLPYAMDY	IGHV3-23*04	IGHJ4*01
1602	SSY SYT YTS TSS SSS SST STL TLV	ARE REG EGD GDG DGA GAF AFD FDY	Not_HIV	SSYTSSSTLV	IGLV2-14*01	IGLJ3*01	AREGDGAFDY	IGHV1-18*04	IGHJ4*01
872	NSY SYT YTT TTL TLS LST STW TWL	ARV RVS VSR SRG RGG GGS GSY SYS YSD	Not_HIV	NSYTTLSTWL	IGLV2-14*01	IGLJ3*02	ARVSRGGSYSD	IGHV3-7*02	IGHJ1*01
201197	QQY QYG YGS GSS SSP SPR PRT	ARD RDW DWG WGD GDY DYY YYF YFD FDY	Not_HIV	QQYGSSPRT	IGKV3-20*01	IGKJ1*01	ARDWGDYYFDY	IGHV3-53*01	IGHJ4*02
19761	QQA QAS ASL SLT LTA TAL ALL LLT	ARE REY EYH YHS HSY SYW YWS WSY SYS YSW SWW WWP WPR PRV RVG VGL GLD LDY	Not_HIV	QQASLTALLT	IGKV1-12*01	IGKJ1*01	AREYHSYWSYSWWPRVGLDY	IGHV3-66*02	IGHJ4*01
1282	AAW AWD WDD DDS DSL SLS LSE SEF EFL	ARA RAS ASI SIA IAA AAA AAR ARV RVL VLD LDY	Not_HIV	AAWDDSLSEFL	IGLV1-10*01	IGLJ6*01	ARASIAAARVLDY	IGHV3-30*11	IGHJ3*01
19708	QQY QYG YGT GTS TSP SPL PLT	ASR SRQ RQH QHH HHE HEY EYF YFQ FQE	HIV	QQYGTSPLT	IGKV3-20*01	IGKJ4*01	ASRQHHEYFQE	IGHV1-69*02	IGHJ1*01
19807	WAY AYE YEA	VRD RDR DRS RSN SNG NGS GSG SGK GKR KRF RFE FES ESS SSN SNW NWF WFL FLD LDL	HIV	WAYEA	IGLV2-11*01	IGLJ3*01	VRDRSNGSGKRFESSNWFLDL	IGHV1-2*02	IGHJ2*01
22513	ATW TWD WDD DDS DSL SLS LSG SGP GPW PWV	ARG RGR GRT RTG TGG GGQ GQP QPY PYW YWF WFD FDP	Not_HIV	ATWDDSLSGPWV	IGLV1-47*01	IGLJ3*02	ARGRTGGQPYWFDP	IGHV1-8*01	IGHJ5*02
19684	QQY QYG YGS GSS SSP SPP PPY PYT	AKE KES ESF SFG FGI GIP IPH PHF	Not_HIV	QQYGSSPPYT	IGKV3-20*01	IGKJ3*01	AKESFGIPHF	IGHV1-69-2*01	IGHJ1*01
390	QQL QLH LHF HFY FYP YPH PHT	AHR HRR RRG RGP GPT PTT TTL TLF LFG FGV GVP VPI PIA IAR ARG RGP GPV PVN VNA NAM AMD MDV	HIV	QQLHFYPHT	IGKV1D-13*01	IGKJ3*01	AHRRGPTTLFGVPIARGPVNAMDV	IGHV2-5*02	IGHJ6*02
813	QQY QYE YEF	TRG RGK GKY KYC YCT CTA TAR ARD RDY DYY YYN YNW NWD WDF DFE FEH	HIV	QQYEF	IGKV3-20*01	IGKJ1*01	TRGKYCTARDYYNWDFEH	IGHV1-18*04	IGHJ1*01
862	SAF AFT FTH THN HNS NSD SDV	ARH RHP HPY PYW YWY WYG YGG GGQ GQL QLD LDL	Not_HIV	SAFTHNSDV	IGLV3-HIV*01	IGLJ3*01	ARHPYWYGGQLDL	IGHV3-23*04	IGHJ5*01
972	QSY SYD YDS DSN SNL NLS LSG SGS GSA SAV	ARE REG EGG GGA GAR ARG RGF GFD FDY	Not_HIV	QSYDSNLSGSAV	IGLV1-40*01	IGLJ3*01	AREGGARGFDY	IGHV7-4-HIV*02	IGHJ4*01
8701	ATW TWD WDN DNS NSL SLN LND NDR DRV	ARE REI EIP IPG PGA GAT ATS TSG SGP GPD PDH DHF HFF FFF FFY FYG YGM GMD MDV	Not_HIV	ATWDNSLNDRV	IGLV1-47*02	IGLJ3*01	AREIPGATSGPDHFFFYGMDV	IGHV1-69D*01	IGHJ6*02
548	QQY QYE YEF	ARG RGK GKN KNS NSD SDY DYN YNW NWD WDF DFQ FQH	HIV	QQYEF	IGKV3-11*01	IGKJ2*01	ARGKNSDYNWDFQH	IGHV1-2*02	IGHJ1*01
27	QQY QYG YGQ GQS QSL SLS LST	ARE REG EGT GTT TTG TGW GWG WGW GWL WLG LGK GKP KPI PIG IGA GAF AFA FAH	HIV	QQYGQSLST	IGKV3-20*01	IGKJ1*01	AREGTTGWGWLGKPIGAFAH	IGHV1-69*10	IGHJ1*01
1400	QQY QYD YDG DGS GSQ SQY QYT	ARG RGS GSA SAM AMI MIF IFG FGI GIV IVI VII IIL ILE LES	Not_HIV	QQYDGSQYT	IGKV3-20*01	IGKJ2*01	ARGSAMIFGIVIILES	IGHV6-HIV*01	IGHJ5*01
746	QKY KYG YGT GTS TSA SAI AIT	AVP VPD PDP DPD PDA DAF AFD FDI	Not_HIV	QKYGTSAIT	IGKV3-20*01	IGKJ5*01	AVPDPDAFDI	IGHV1-24*01	IGHJ3*02
19631	KSL SLT LTS TST STR TRR RRR RRV	VRE REA EAG AGG GGP GPD PDY DYR YRN RNG NGY GYN YNX NXX XXD XDF DFY FYD YDG DGY GYY YYN YNY NYH YHY HYM YMD MDV	HIV	KSLTSTRRRV	IGLV2-14*01	IGLJ3*01	VREAGGPDYRNGYNXXDFYDGYYNYHYMDV	IGHV3-30*03	IGHJ6*04
19559	SAW AWG WGD GDK DKG KGM GMV	ARG RGF GFG FGT GTD TDF	Not_HIV	SAWGDKGMV	IGLV3-HIV*01	IGLJ3*01	ARGFGTDF	IGHV3-23*04	IGHJ5*01
1435	QQY QYE YET	ARG RGV GVR VRR RRD RDA DAS ASW SWW WWL WLQ LQF	HIV	QQYET	IGKV3D-15*01	IGKJ1*01	ARGVRRDASWWLQF	IGHV1-2*02	IGHJ1*01
1340	QQY QYN YNH NHW HWL WLR LRT	AKD KDE DES ESP SPP PPI PIY IYN YNL NLM LMP MPG PGY GYY YYS YST STY TYY YYY YYM YMD MDV	Not_HIV	QQYNHWLRT	IGKV3D-15*01	IGKJ2*01	AKDESPPIYNLMPGYYSTYYYMDV	IGHV3-23*01	IGHJ6*04
890	QQY QYE YEF	VRG RGK GKS KSC SCC CCG CGG GGR GRR RRY RYC YCN CNG NGA GAD ADC DCF CFN FNW NWD WDF DFE FEH	HIV	QQYEF	IGKV3-20*01	IGKJ1*01	VRGKSCCGGRRYCNGADCFNWDFEH	IGHV1-2*04	IGHJ1*01
19728	QHY HYN YNS NSY SYF YFV FVT	ARD RDG DGY GYS YSS SSS SSF SFF FFD FDF	Not_HIV	QHYNSYFVT	IGKV1-5*03	IGKJ1*01	ARDGYSSSFFDF	IGHV3-30*11	IGHJ5*01
1259	QQC QCG CGN GNS NSP SPW PWT	ARV RVV VVA VAD ADR DRE REG EGF GFG FGY GYY YYY YYG YGM GMD MDV	Not_HIV	QQCGNSPWT	IGKV3-20*01	IGKJ1*01	ARVVADREGFGYYYGMDV	IGHV5-51*01	IGHJ6*02
586	AAW AWD WDD DDS DSL SLN LNG NGV GVV	AQG QGP GPI PIV IVG VGA GAP APT PTD TDY	Not_HIV	AAWDDSLNGVV	IGLV1-44*01	IGLJ3*01	AQGPIVGAPTDY	IGHV1-69D*01	IGHJ4*01
1021	QVW VWD WDD DDS DSI SIN INA NAY AYV	ARN RNF NFV FVR VRG RGF GFG FGW GWH WHF HFD FDL	Not_HIV	QVWDDSINAYV	IGLV3-21*02	IGLJ1*01	ARNFVRGFGWHFDL	IGHV3-7*02	IGHJ2*01
1582	QVY VYE YEF	ARR RRH RHS HSD SDY DYC YCD CDF DFD FDI	HIV	QVYEF	IGKV1D-33*01	IGKJ5*01	ARRHSDYCDFDI	IGHV1-2*02	IGHJ3*02
19844	NAY AYE YEF	ARM RMG MGA GAA AAR ARE REW EWD WDF DFQ FQY	HIV	NAYEF	IGLV2-14*01	IGLJ6*01	ARMGAAREWDFQY	IGHV1-2*02	IGHJ1*01
8675	QQS QSS SSS SSS SSL SLI LIT	ARG RGY GYY YYY YYT YTG TGL GLW LWY WYP YPY PYA YAM AMY MYE YEF EFG FGM GMD MDY	Not_HIV	QQSSSSLIT	IGKV1D-39*01	IGKJ1*01	ARGYYYTGLWYPYAMYEFGMDY	IGHV3-23*04	IGHJ4*01
316	QQY QYS YSS SSY SYS YSS SSL SLF LFT	ARE REY EYY YYR YRW RWY WYT YTA TAI AID IDY	Not_HIV	QQYSSYSSLFT	IGKV1D-39*01	IGKJ1*01	AREYYRWYTAIDY	IGHV3-66*02	IGHJ4*01
954	QQL QLN LNS NSY SYP YPL PLT	ARV RVG VGY GYC YCS CSS SST STS TSC SCN CNR NRG RGA GAF AFD FDI	Not_HIV	QQLNSYPLT	IGKV1-17*01	IGKJ4*01	ARVGYCSSTSCNRGAFDI	IGHV1-69*14	IGHJ3*02
289	HQY QYG YGS GST STP TPL PLT	ARV RVS VSI SIF IFG FGV GVG VGT GTF TFD FDY	Not_HIV	HQYGSTPLT	IGKV3-11*01	IGKJ4*01	ARVSIFGVGTFDY	IGHV4-30-4*01	IGHJ4*01
1383	QQY QYE YEF	TRG RGK GKY KYC YCT CTA TAR ARD RDY DYY YYN YNW NWD WDF DFE FEH	HIV	QQYEF	IGKV3-20*01	IGKJ1*01	TRGKYCTARDYYNWDFEH	IGHV1-18*04	IGHJ1*01
302	QQS QSY SYN YNS NSP SPW PWT	ARD RDN DNG NGD GDY DYV YVG VGE GEK EKG KGF GFD FDI	Not_HIV	QQSYNSPWT	IGKV1D-39*01	IGKJ1*01	ARDNGDYVGEKGFDI	IGHV3-23*01	IGHJ3*02
28872	HQY QYG YGN GNA NAP APY PYI	ARG RGP GPN PND NDY DYR YRN RNR NRK RKY KYY YYY YYY YYM YMD MDV	Not_HIV	HQYGNAPYI	IGKV3-20*01	IGKJ2*01	ARGPNDYRNRKYYYYMDV	IGHV3-66*02	IGHJ6*04
1356	QVL VLQ LQF	ARD RDR DRS RSY SYG YGD GDS DSS SSW SWA WAL ALD LDA	HIV	QVLQF	IGKV1D-13*01	IGKJ5*01	ARDRSYGDSSWALDA	IGHV1-2*02	IGHJ6*02
1560	QIL ILE LEF	ARG RGF GFA FAG AGY GYE YEW EWS WSF SFI	HIV	QILEF	IGKV3-20*01	IGKJ5*01	ARGFAGYEWSFI	IGHV1-2*04	IGHJ1*01
935	HQY QYS YSS SSH SHP HPP PPT	ARA RAD ADG DGL GLT LTY TYF YFS FSE SEL ELL LLQ LQY QYI YIF IFD FDL	HIV	HQYSSHPPT	IGKV4-HIV*01	IGKJ5*01	ARADGLTYFSELLQYIFDL	IGHV3-11*05	IGHJ5*01
164	GTW TWD WDM DMV MVT VTN TNN NNV	ARG RGL GLG LGA GAF AFH FHW HWD WDM DMQ MQP QPD PDY	Not_HIV	GTWDMVTNNV	IGLV3-21*02	IGLJ3*01	ARGLGAFHWDMQPDY	IGHV3-30*03	IGHJ4*01
1385	MQA QAT ATH THW HWP WPY PYT	ARD RDG DGR GRG RGA GAL ALQ LQY	Not_HIV	MQATHWPYT	IGKV2-30*01	IGKJ2*01	ARDGRGALQY	IGHV1-69*14	IGHJ1*01
19655	QQY QYN YNN NNW NWP WPP PPY PYT	ARL RLK LKR KRR RRG RGF GFS FSG SGE GEG EGY GYF YFD FDY	Not_HIV	QQYNNWPPYT	IGKV3D-15*01	IGKJ1*01	ARLKRRGFSGEGYFDY	IGHV5-51*01	IGHJ4*01
19785	QQS QSY SYS YST STL TLT LTW TWT	ARS RSG SGF GFC FCS CSD SDD DDA DAC ACY CYR YRR RRG RGS GSW SWF WFD FDP	Not_HIV	QQSYSTLTWT	IGKV1D-39*01	IGKJ1*01	ARSGFCSDDACYRRGSWFDP	IGHV4-4*08	IGHJ5*02
19773	QSS SSD SDT DTS TSD SDS DSY SYK YKM	ARN RNA NAI AIR IRI RIY IYG YGV GVV VVA VAL ALG LGE GEW EWF WFH FHY HYG YGM GMD MDV	HIV	QSSDTSDSYKM	IGLV3-25*03	IGLJ3*01	ARNAIRIYGVVALGEWFHYGMDV	IGHV4-59*02	IGHJ6*02
19561	SAW AWG WGD GDK DKG KGM GMV	ARG RGF GFG FGT GTD TDF	Not_HIV	SAWGDKGMV	IGLV3-HIV*01	IGLJ3*01	ARGFGTDF	IGHV3-23*04	IGHJ5*01
1561	QQY QYL YLQ LQY QYP YPM PMT	ARG RGS GSF SFW FWF WFG FGY	Not_HIV	QQYLQYPMT	IGKV1S21*01	IGKJ1*01	ARGSFWFGY	IGHV1-69*02	IGHJ4*01
19784	QST STD TDS DSS SSG SGT GTS TSW SWV	ARD RDP DPI PIV IVG VGH GHT HTR TRD RDG DGL GLD LDV	Not_HIV	QSTDSSGTSWV	IGLV3-25*03	IGLJ3*02	ARDPIVGHTRDGLDV	IGHV3-30*11	IGHJ6*02
477	QQS QSF SFY FYF YFP FPN PNT	ARG RGL GLG LGK GKG KGS GSK SKR KRG RGA GAM AMD MDY	Not_HIV	QQSFYFPNT	IGKV1S22*01	IGKJ1*01	ARGLGKGSKRGAMDY	IGHV3-74*03	IGHJ4*01
764	MQA QAL ALQ LQI QIP IPR PRT	ARD RDR DRS RSY SYY YYA YAF AFS FSS SSG SGS GSL SLS LSD SDY DYY YYY YYG YGL GLD LDV	Not_HIV	MQALQIPRT	IGKV2-28*01	IGKJ1*01	ARDRSYYAFSSGSLSDYYYGLDV	IGHV3-21*03	IGHJ6*02
19823	QNS NSG SGG GGG GGT GTP TPL PLI	SRD RDN DNF NFG FGT GTR TRP RPV PVP VPG PGR GRG RGY GYY YYY YYG YGM GMD MDV	HIV	QNSGGGTPLI	IGKV3-20*01	IGKJ3*01	SRDNFGTRPVPGRGYYYGMDV	IGHV1-2*02	IGHJ6*02
591	QQS QSY SYS YST STP TPL PLT	ARD RDM DMR MRA RAA AAT ATP TPY PYS YSF SFD FDY	Not_HIV	QQSYSTPLT	IGKV1D-39*01	IGKJ4*01	ARDMRAATPYSFDY	IGHV3-9*01	IGHJ4*01
928	MQA QAL ALQ LQT QTP TPL PLT	ARH RHA HAS ASC SCS CSA SAR ARS RSC SCY CYW YWG WGP GPV PVD VDY	Not_HIV	MQALQTPLT	IGKV2-28*01	IGKJ4*01	ARHASCSARSCYWGPVDY	IGHV5-51*01	IGHJ4*01
1349	QSR SRD RDI DIS ISQ SQY QYV	ART RTF TFH FHI HIR IRR RRY RYR YRS RSG SGY GYY YYD YDK DKM KMD MDH	Not_HIV	QSRDISQYV	IGLV1-47*02	IGLJ3*01	ARTFHIRRYRSGYYDKMDH	IGHV1-69D*01	IGHJ6*02
393	ASW SWD WDS DSM SMT MTV TVD VDG DGV	ARY RYF YFD FDT DTY TYN YNN NNY NYG YGF GFA FAN	HIV	ASWDSMTVDGV	IGLV3-25*03	IGLJ3*01	ARYFDTYNNYGFAN	IGHV1-69D*01	IGHJ1*01
1263	QQY QYD YDN DNL NLG LGD GDL DLS	ARD RDR DRY RYY YYE YET ETS TSG SGS GSN SNA NAF AFD FDV	HIV	QQYDNLGDLS	IGKV1D-33*01	IGKJ4*01	ARDRYYETSGSNAFDV	IGHV3-64*01	IGHJ3*01
483	QQG QGN GNT NTL TLS LSY SYT	ARE REL ELY LYQ YQG QGY GYM YMD MDT DTF TFD FDS	Not_HIV	QQGNTLSYT	IGKV1D-39*01	IGKJ1*01	ARELYQGYMDTFDS	IGHV5-10-HIV*04	IGHJ5*01
19639	QQY QYL YLY LYH YHP HPA PAT	ARR RRH RHW HWP WPG PGG GGF GFD FDY	Not_HIV	QQYLYHPAT	IGKV1S22*01	IGKJ1*01	ARRHWPGGFDY	IGHV3-23*04	IGHJ4*01
921	SSY SYT YTS TSS SSS SST STW TWV	ARV RVP VPR PRL RLR LRG RGG GGN GNY NYF YFD FDS	HIV	SSYTSSSTWV	IGLV2-14*01	IGLJ3*02	ARVPRLRGGNYFDS	IGHV4-31*02	IGHJ5*01
19755	QQS QSQ SQW QWY WYP YPI PIT	ARS RSY SYS YST STK TKL KLA LAM AMD MDY	Not_HIV	QQSQWYPIT	IGKV1D-39*01	IGKJ1*01	ARSYSTKLAMDY	IGHV3-66*02	IGHJ4*01
19556	CSY SYT YTH THN HNS NSG SGC GCV	AKG KGL GLL LLR LRD RDG DGS GSS SST STW TWL WLP LPY PYL	HIV	CSYTHNSGCV	IGLV2-14*02	IGLJ1*01	AKGLLRDGSSTWLPYL	IGHV1-18*04	IGHJ1*01
19849	QQY QYY YYN YNS NSP SPY PYT	ARV RVG VGR GRP RPS PSK SKG KGG GGW GWF WFD FDP	Not_HIV	QQYYNSPYT	IGKV4-HIV*01	IGKJ5*01	ARVGRPSKGGWFDP	IGHV5-51*01	IGHJ5*02
749	QQA QAN ANS NSF SFP FPL PLT	ARD RDL DLG LGG GGY GYF YFI FIR IRG RGI GIM IMD MDV	Not_HIV	QQANSFPLT	IGKV1-12*01	IGKJ4*01	ARDLGGYFIRGIMDV	IGHV3-30*11	IGHJ6*02
1555	QQS QSY SYS YSY SYP YPY PYT	ARY RYY YYS YSS SSG SGG GGS GSY SYY YYR YRY RYS YSR SRG RGF GFD FDY	Not_HIV	QQSYSYPYT	IGKV1D-39*01	IGKJ1*01	ARYYSSGGSYYRYSRGFDY	IGHV3-66*02	IGHJ4*01
748	QQR QRS RSN SNW NWP WPM PMY MYT	ATE TEG EGD GDN DND NDA DAF AFD FDI	Not_HIV	QQRSNWPMYT	IGKV3-11*01	IGKJ2*01	ATEGDNDAFDI	IGHV3-23*01	IGHJ3*02
574	SSL SLT LTD TDR DRS RSH SHR HRI	ARE REA EAG AGG GGP GPI PIW IWH WHD HDD DDV DVK VKY KYX YXD XDF DFN FND NDG DGY GYY YYN YNY NYH YHY HYM YMD MDV	HIV	SSLTDRSHRI	IGLV2-14*01	IGLJ6*01	AREAGGPIWHDDVKYXDFNDGYYNYHYMDV	IGHV3-30*03	IGHJ6*04
1401	SSH SHT HTS TSR SRG RGT GTW TWV	ARD RDK DKV KVD VDD DDY DYG YGD GDY DYW YWF WFP FPT PTL TLW LWY WYF YFD FDY	Not_HIV	SSHTSRGTWV	IGLV2-14*01	IGLJ3*02	ARDKVDDYGDYWFPTLWYFDY	IGHV1-3*01	IGHJ4*01
1299	SSH SHT HTS TSR SRG RGT GTW TWV	ARD RDK DKV KVD VDD DDY DYG YGD GDY DYW YWF WFP FPT PTL TLW LWY WYF YFD FDY	Not_HIV	SSHTSRGTWV	IGLV2-14*01	IGLJ3*02	ARDKVDDYGDYWFPTLWYFDY	IGHV1-3*01	IGHJ4*01
291	QQS QSY SYA YAT ATL TLP LPT	ARN RNA NAL ALY LYG YGS GSG SGG GGY GYY YYA YAM AMD MDY	Not_HIV	QQSYATLPT	IGKV1D-39*01	IGKJ1*01	ARNALYGSGGYYAMDY	IGHV3-66*02	IGHJ4*01
636	QQY QYE YET	ARA RAQ AQK QKR KRG RGR GRS RSE SEW EWA WAY AYA YAH	HIV	QQYET	IGKV1D-33*01	IGKJ3*01	ARAQKRGRSEWAYAH	IGHV1-18*04	IGHJ1*01
527	SSR SRD RDK DKS KSG SGS GSR SRL RLS LSV	ART RTG TGK GKY KYY YYD YDF DFW FWS WSG SGY GYP YPP PPG PGE GEE EEY EYF YFQ FQD	HIV	SSRDKSGSRLSV	IGLV3-19*01	IGLJ3*01	ARTGKYYDFWSGYPPGEEYFQD	IGHV3-15*04	IGHJ1*01
691	AAW AWD WDD DDS DSL SLI LIG IGV GVV	ARD RDK DKN KNP NPG PGT GTK TKP KPY PYY YYH YHY HYG YGM GMD MDV	Not_HIV	AAWDDSLIGVV	IGLV1-36*01	IGLJ3*01	ARDKNPGTKPYYHYGMDV	IGHV3-33*01	IGHJ6*02
909	QQS QSF SFQ FQT QTV TVG VGS	VRV RVT VTF TFY FYH YHE HEG EGS GSG SGY GYY YYY YYR YRA RAG AGN GNY NYF YFD FDS	HIV	QQSFQTVGS	IGKV1D-39*01	IGKJ3*01	VRVTFYHEGSGYYYRAGNYFDS	IGHV3-23*02	IGHJ5*01
674	QQY QYY YYR YRS RSP SPL PLT	VRS RSV SVT VTP TPR PRY RYC YCG CGG GGG GGF GFC FCY CYG YGE GEF EFD FDY	Not_HIV	QQYYRSPLT	IGKV3D-15*01	IGKJ4*01	VRSVTPRYCGGGFCYGEFDY	IGHV1-69*14	IGHJ4*01
28870	MQA QAV AVQ VQT QTP TPL PLT	ARN RNV NVL VLD LDS DSS SSG SGY GYP YPT PTY TYF YFD FDY	Not_HIV	MQAVQTPLT	IGKV2-28*01	IGKJ4*01	ARNVLDSSGYPTYFDY	IGHV3-21*03	IGHJ4*01
575	QQY QYD YDN DNL NLP LPL PLT	ATE TET ETA TAL ALV LVV VVS VST STT TTY TYL YLP LPH PHY HYF YFD FDN	Not_HIV	QQYDNLPLT	IGKV1D-33*01	IGKJ4*01	ATETALVVSTTYLPHYFDN	IGHV1-69D*01	IGHJ5*01
358	QQY QYD YDN DNS NSV SVC VCT	ARG RGP GPV PVP VPA PAV AVF VFY FYG YGD GDY DYR YRL RLD LDP	HIV	QQYDNSVCT	IGKV3-20*01	IGKJ2*01	ARGPVPAVFYGDYRLDP	IGHV4-59*08	IGHJ5*02
523	AAW AWD WDD DDS DSL SLS LSA SAH AHV HVV	ARE REL ELL LLM LMD MDY DYY YYD YDH DHI HIG IGY GYS YSP SPG PGP GPT	Not_HIV	AAWDDSLSAHVV	IGLV1-44*01	IGLJ3*01	ARELLMDYYDHIGYSPGPT	IGHV3-30*11	IGHJ1*01
467	QQS QSN SNR NRA RAP APA PAT	AKW KWA WAW AWP WPA PAF AFD FDY	Not_HIV	QQSNRAPAT	IGKV1S22*01	IGKJ1*01	AKWAWPAFDY	IGHV3-66*02	IGHJ4*01
1358	YSY SYA YAD ADG DGV GVA	ARE REM EMF MFD FDS DSS SSA SAD ADW DWS WSP SPW PWR WRG RGM GMV MVA	HIV	YSYADGVA	IGLV2-23*02	IGLJ3*01	AREMFDSSADWSPWRGMVA	IGHV1-2*02	IGHJ6*02
989	AAW AWD WDD DDS DSL SLN LNG NGW GWV	ARV RVQ VQY QYS YSG SGY GYY YYD YDW DWF WFD FDP	Not_HIV	AAWDDSLNGWV	IGLV1-44*01	IGLJ3*02	ARVQYSGYYDWFDP	IGHV5-10-HIV*03	IGHJ5*02
822	QQY QYG YGS GSS SSP SPS PST	ARE REG EGT GTT TTG TGW GWG WGW GWL WLG LGK GKP KPI PIG IGA GAF AFQ FQH	HIV	QQYGSSPST	IGKV3-20*01	IGKJ1*01	AREGTTGWGWLGKPIGAFQH	IGHV1-69*14	IGHJ1*01
1347	QHY HYY YYT YTT TTH THR HRT	ARD RDD DDG DGY GYY YYD YDR DRS RSG SGY GYY YYG YGV GVF VFD FDL	HIV	QHYYTTHRT	IGKV4-HIV*01	IGKJ5*01	ARDDGYYDRSGYYGVFDL	IGHV3-11*01	IGHJ5*01
1245	QES ESL SLS LSA SAS ASY SYT	ARL RLD LDG DGY GYT YTL TLD LDI	Not_HIV	QESLSASYT	IGKV1D-39*01	IGKJ1*01	ARLDGYTLDI	IGHV4-31*02	IGHJ5*01
357	SSY SYT YTS TSS SST STP TPY PYV YVL	ARE REF EFS FSS SSY SYT YTD TDH DHL HLE LEY EYY YYY YYD YDY DYY YYY YYM YMD MDV	HIV	SSYTSSTPYVL	IGLV2-14*01	IGLJ3*01	AREFSSYTDHLEYYYDYYYMDV	IGHV3-7*02	IGHJ6*04
738	QSY SYD YDS DSS SSL SLS LSG SGS GSV	ARV RVE VEG EGV GVR VRG RGV GVM VMG MGF GFH FHY HYY YYP YPM PMD MDV	Not_HIV	QSYDSSLSGSV	IGLV1-40*01	IGLJ3*01	ARVEGVRGVMGFHYYPMDV	IGHV1-18*04	IGHJ6*02
37271	ASW SWD WDD DDS DSL SLS LSG SGH GHW HWV	ARV RVR VRS RSG SGT GTN TNY NYG YGS GSY SYY YYY YYY YYY YYY YYG YGM GMD MDV	Not_HIV	ASWDDSLSGHWV	IGLV1-47*01	IGLJ3*02	ARVRSGTNYGSYYYYYYGMDV	IGHV1-8*01	IGHJ6*01
1591	QQR QRR RRS RSW SWP WPP PPL PLT	TTG TGD GDF DFS FSE SEF EFE FEP EPF PFS FSM SMD MDY DYF YFH FHF	Not_HIV	QQRRSWPPLT	IGKV3-11*01	IGKJ4*01	TTGDFSEFEPFSMDYFHF	IGHV1-24*01	IGHJ1*01
31	MQA QAL ALQ LQP QPP PPY PYT	AIL ILL LLS LSA SAG AGA GAA AAN ANL NLD LDN DNN NNY NYG YGM GMD MDV	Not_HIV	MQALQPPYT	IGKV2-28*01	IGKJ2*01	AILLSAGAANLDNNYGMDV	IGHV3-30*03	IGHJ6*02
590	QQY QYG YGS GSS SSP SPY PYT	ARE REM EME MEV EVS VSG SGR GRW RWR WRP RPT PTE TEA EAF AFE FEI	Not_HIV	QQYGSSPYT	IGKV3-20*01	IGKJ3*01	AREMEVSGRWRPTEAFEI	IGHV1-69*10	IGHJ3*02
19669	QQA QAY AYP YPA PAL ALH LHT	ARW RWI WIG IGS GSR SRE REL ELY LYI YIM IMD MDY	Not_HIV	QQAYPALHT	IGKV1S22*01	IGKJ1*01	ARWIGSRELYIMDY	IGHV3-23*04	IGHJ4*01
19814	HMW MWD WDS DSR SRS RSG SGF GFS FSW SWS	ATA TAR ARR RRG RGQ GQR QRI RIY IYG YGV GVV VVS VSF SFG FGE GEF EFF FFY FYY YYY YYS YSM SMD MDV	HIV	HMWDSRSGFSWS	IGLV3-21*01	IGLJ3*02	ATARRGQRIYGVVSFGEFFYYYSMDV	IGHV4-59*03	IGHJ6*04
1390	LHY HYG YGT GTS TSP SPM PMY MYT	IAS ASS SST STT TTG TGW GWY WYV YVR VRE RED EDF DFD FDY	Not_HIV	LHYGTSPMYT	IGKV3-20*01	IGKJ2*01	IASSTTGWYVREDFDY	IGHV3-73*01	IGHJ4*01
923	ATW TWD WDD DDS DSL SLS LSG SGL GLV	ARR RRP RPQ PQS QSI SIF IFD FDW DWN WNF NFD FDL	Not_HIV	ATWDDSLSGLV	IGLV1-47*01	IGLJ3*01	ARRPQSIFDWNFDL	IGHV1-69D*01	IGHJ2*01
1587	QCF CFE FEG	VRG RGK GKS KSC SCC CCN CNG NGR GRR RRY RYC YCN CNG NGA GAD ADC DCF CFN FNW NWD WDF DFE FEY	HIV	QCFEG	IGKV3-20*01	IGKJ2*01	VRGKSCCNGRRYCNGADCFNWDFEY	IGHV1-2*04	IGHJ4*01
19609	MEA EAR ARQ RQT QTP TPR PRL RLT	VRG RGP GPE PES ESG SGW GWF WFY FYH YHY HYY YYW YWG WGL GLG LGV	HIV	MEARQTPRLT	IGKV2-28*01	IGKJ4*01	VRGPESGWFYHYYWGLGV	IGHV3-13*04	IGHJ6*02
478	QQY QYW YWS WSE SEP EPV PVT	ARG RGG GGP GPD PDY DYA YAM AMD MDV	Not_HIV	QQYWSEPVT	IGKV1D-39*01	IGKJ1*01	ARGGPDYAMDV	IGHV3-23*04	IGHJ6*02
365	QHY HYD YDD DDL DLP LPR PRI RIT	ARA RAS ASY SYS YSS SSS SSS SSP SPY PYA YAF AFD FDI	HIV	QHYDDLPRIT	IGKV1D-33*01	IGKJ5*01	ARASYSSSSPYAFDI	IGHV1-69*05	IGHJ3*02
960	QSY SYD YDS DSP SPT PTL TLT LTS TSP	ATV TVM VMG MGK GKW KWI WIK IKG KGG GGY GYD YDY	Not_HIV	QSYDSPTLTSP	IGLV1-40*01	IGLJ3*01	ATVMGKWIKGGYDY	IGHV1-69-2*01	IGHJ2*01
892	QCL CLE LEA	VRG RGR GRS RSC SCC CCG CGG GGR GRR RRH RHC HCN CNG NGA GAD ADC DCF CFN FNW NWD WDF DFQ FQH	HIV	QCLEA	IGKV3-20*01	IGKJ2*01	VRGRSCCGGRRHCNGADCFNWDFQH	IGHV1-2*04	IGHJ1*01
19803	SSR SRD RDS DSS SSG SGN GNH NHW HWV	ARS RSR SRD RDL DLL LLL LLF LFP FPH PHH HHA HAL ALS LSP	Not_HIV	SSRDSSGNHWV	IGLV3-19*01	IGLJ3*02	ARSRDLLLFPHHALSP	IGHV1-69D*01	IGHJ3*01
934	QAW AWD WDS DSS SSS SSF SFV	ARV RVA VAL ALF LFD FDI DIL ILT LTG TGG GGW GWF WFD FDP	Not_HIV	QAWDSSSFV	IGLV3-HIV*01	IGLJ1*01	ARVALFDILTGGWFDP	IGHV4-4*02	IGHJ5*02
8741	MQA QAL ALQ LQT QTP TPW PWT	ATR TRN RNY NYR YRL RLY LYF YFD FDF	Not_HIV	MQALQTPWT	IGKV2-28*01	IGKJ1*01	ATRNYRLYFDF	IGHV3-66*02	IGHJ5*01
36472	QLY LYG YGS GSS SSP SPW PWT	AKV KVG VGE GEY EYY YYD YDF DFW FWS WSG SGY GYS YSP SPF PFE FEY	Not_HIV	QLYGSSPWT	IGKV3-20*01	IGKJ1*01	AKVGEYYDFWSGYSPFEY	IGHV3-23*01	IGHJ4*02
19779	QQR QRN RNN NNW NWY WYT	AIM IMV MVA VAT ATT TTK TKN KND NDF DFH FHY HYY YYK YKD KDV	Not_HIV	QQRNNWYT	IGKV3-11*01	IGKJ2*01	AIMVATTKNDFHYYKDV	IGHV3-9*01	IGHJ6*04
936	AAW AWD WDD DDG DGL GLN LNG NGW GWV	ARD RDR DRG RGF GFD FDL DLL LLT LTG TGH GHY HYL YLG LGL GLD LDP	Not_HIV	AAWDDGLNGWV	IGLV1-44*01	IGLJ3*02	ARDRGFDLLTGHYLGLDP	IGHV1-3*01	IGHJ5*02
814	QQY QYE YEF	TRG RGK GKY KYC YCT CTA TAR ARD RDY DYY YYN YNW NWD WDF DFE FEH	HIV	QQYEF	IGKV3-20*01	IGKJ1*01	TRGKYCTARDYYNWDFEH	IGHV1-18*04	IGHJ1*01
26784	QHR HRT	ATD TDK DKT KTY TYV YVS VSG SGY GYT YTS TST STW TWY WYY YYF YFN FNY	Not_HIV	QHRT	IGKV1-5*03	IGKJ1*01	ATDKTYVSGYTSTWYYFNY	IGHV3-30*15	IGHJ4*01
363	QHY HYA YAG AGY GYS YSA SAT	ARK RKG KGS GSD SDR DRL RLS LSD SDN DND NDP DPF PFD FDA	Not_HIV	QHYAGYSAT	IGKV1-5*03	IGKJ5*01	ARKGSDRLSDNDPFDA	IGHV3-21*03	IGHJ5*01
19750	CSY SYA YAG AGS GSV SVV	ARD RDL DLT LTL TLM LMY MYV YVH VHS HSS SSG SGW GWE WER ERG RGV GVY VYY YYY YYY YYG YGM GMD MDV	Not_HIV	CSYAGSVV	IGLV2-23*01	IGLJ3*01	ARDLTLMYVHSSGWERGVYYYYGMDV	IGHV1-2*02	IGHJ6*02
559	QQY QYE YEF	ARG RGK GKY KYC YCT CTA TAR ARD RDY DYY YYN YNW NWD WDF DFQ FQH	HIV	QQYEF	IGKV3S7*01	IGKJ1*01	ARGKYCTARDYYNWDFQH	IGHV1-2*02	IGHJ1*01
36464	MQA QAT ATQ TQF QFP FPL PLT	ARG RGS GST STG TGG GGY	Not_HIV	MQATQFPLT	IGKV2-24*01	IGKJ4*01	ARGSTGGY	IGHV3-21*01	IGHJ4*02
534	QQH QHG HGP GPF PFY FYW YWL WLF LFT	ART RTV TVR VRG RGS GSK SKK KKP KPY PYF YFS FSG SGW GWA WAM AMD MDY	Not_HIV	QQHGPFYWLFT	IGKV1S22*01	IGKJ1*01	ARTVRGSKKPYFSGWAMDY	IGHV3-66*02	IGHJ4*01
1417	QAW AWD WDS DSN SNT NTG TGV	ARG RGP GPL PLS LSR SRG RGY GYY YYD YDY	Not_HIV	QAWDSNTGV	IGLV3-HIV*01	IGLJ3*01	ARGPLSRGYYDY	IGHV1-69D*01	IGHJ4*01
8692	LQH QHW HWS WSY SYP YPY PYT	ARY RYG YGH GHW HWS WSW SWG WGR GRW RWW WWN WNY NYW YWV WVA VAL ALD LDY	Not_HIV	LQHWSYPYT	IGKV6-14*01	IGKJ2*01	ARYGHWSWGRWWNYWVALDY	IGHV3-23*04	IGHJ4*01
196	QQY QYA YAD ADS DSP SPI PIT	AST STL TLG LGL GLV LVL VLD LDA DAM AMD MDY	Not_HIV	QQYADSPIT	IGKV3-20*01	IGKJ5*01	ASTLGLVLDAMDY	IGHV1-69*10	IGHJ4*01
201248	AAW AWD WDD DDS DSL SLT LTV TVS	ARD RDL DLQ LQP QPP PPH PHS HSP SPY PYG YGM GMD MDV	Not_HIV	AAWDDSLTVS	IGLV1-47*02	IGLJ1*01	ARDLQPPHSPYGMDV	IGHV3-33*01	IGHJ6*01
19591	NSY SYS YSI SIH IHS HSP SPW PWV	ARD RDR DRR RRS RSG SGT GTS TSP SPL PLP LPL PLD LDV	Not_HIV	NSYSIHSPWV	IGLV2-14*01	IGLJ3*02	ARDRRSGTSPLPLDV	IGHV3-21*03	IGHJ6*02
1031	QQY QYN YNN NNW NWW WWT	ARN RNV NVA VAT ATE TEG EGS GSL SLL LLH LHY HYD YDY	HIV	QQYNNWWT	IGKV3D-15*01	IGKJ1*01	ARNVATEGSLLHYDY	IGHV1-46*01	IGHJ4*01
387	QQS QSS SSY SYI YIP IPV PVT	ART RTP TPW PWW WWY WYW YWS WSG SGL GLD LDY	Not_HIV	QQSSYIPVT	IGKV1D-39*01	IGKJ1*01	ARTPWWYWSGLDY	IGHV3-66*02	IGHJ4*01
1344	QQS QSS SSS SSR SRP RPV PVT	ARG RGI GIW IWS WSY SYW YWY WYM YMV MVY VYP YPH PHD HDN DNY NYG YGM GMD MDY	Not_HIV	QQSSSRPVT	IGKV1D-39*01	IGKJ1*01	ARGIWSYWYMVYPHDNYGMDY	IGHV3-23*04	IGHJ4*01
1355	QQY QYN YNT NTY TYS YSW SWW WWT	ASR SRL RLG LGV GVR VRA RAT ATT TTG TGD GDL DLD LDY	Not_HIV	QQYNTYSWWT	IGKV1-5*01	IGKJ1*01	ASRLGVRATTGDLDY	IGHV3-53*01	IGHJ4*01
202466	QQR QRD RDN DNW NWP WPP PPD PDA DAT	AKE KEG EGG GGD GDN DNK NKF KFS FSF SFD FDY	Not_HIV	QQRDNWPPDAT	IGKV3-11*01	IGKJ1*01	AKEGGDNKFSFDY	IGHV3-30*18	IGHJ4*02
870	AAW AWD WDD DDS DSL SLN LND NDW DWV	VKD KDR DRV RVA VAV AVA VAG AGK GKG KGS GSY SYY YYF YFD FDS	Not_HIV	AAWDDSLNDWV	IGLV1-36*01	IGLJ3*02	VKDRVAVAGKGSYYFDS	IGHV3-23*01	IGHJ5*01
19767	QSY SYD YDS DSS SSL SLS LSG SGF GFY FYV	ARL RLG LGY GYC YCS CSG SGG GGS GSC SCH CHF HFD FDY	Not_HIV	QSYDSSLSGFYV	IGLV1-40*01	IGLJ1*01	ARLGYCSGGSCHFDY	IGHV3-21*03	IGHJ4*01
8705	QTW TWG WGA GAG AGI GIL ILV	AKF KFS FSG SGK GKD KDC DCS CSG SGT GTS TSC SCR CRD RDY	Not_HIV	QTWGAGILV	IGLV4-69*02	IGLJ3*01	AKFSGKDCSGTSCRDY	IGHV3-23*01	IGHJ4*01
36473	QQY QYG YGR GRS RSP SPF PFT	AKV KVG VGE GEY EYY YYD YDF DFW FWS WSG SGY GYS YSP SPF PFD FDS	Not_HIV	QQYGRSPFT	IGKV3-20*01	IGKJ3*01	AKVGEYYDFWSGYSPFDS	IGHV3-23*01	IGHJ5*01
1022	QVW VWD WDD DDS DSI SIN INA NAY AYV	ARE REF EFH FHS HSG SGL GLG LGW GWH WHF HFD FDL	Not_HIV	QVWDDSINAYV	IGLV3-21*02	IGLJ1*01	AREFHSGLGWHFDL	IGHV3-7*02	IGHJ2*01
969	GSL SLV LVG VGN GNW NWD WDV DVI	ARF RFG FGG GGE GEV EVL VLR LRY RYT YTD TDW DWP WPK PKP KPA PAW AWV WVD VDL	HIV	GSLVGNWDVI	IGLV2-8*01	IGLJ3*01	ARFGGEVLRYTDWPKPAWVDL	IGHV4-38-2*01	IGHJ2*01
806	SSY SYA YAG AGS GST STT TTF TFR FRV	AKD KDL DLR LRL RLG LGG GGG GGS GSD SDY	HIV	SSYAGSTTFRV	IGLV2-23*02	IGLJ3*01	AKDLRLGGGSDY	IGHV3-23*04	IGHJ4*01
825	CSY SYT YTH THN HNS NSG SGC GCV	AKG KGL GLL LLR LRD RDG DGS GSS SST STW TWL WLP LPY PYL	HIV	CSYTHNSGCV	IGLV2-14*02	IGLJ1*01	AKGLLRDGSSTWLPYL	IGHV1-18*04	IGHJ1*01
1275	QQY QYR YRY RYS YSP SPR PRT	ARG RGG GGV GVG VGS GSF SFD FDT	Not_HIV	QQYRYSPRT	IGKV3-11*01	IGKJ1*01	ARGGVGSFDT	IGHV3-9*01	IGHJ3*01
912	ATY TYD YDS DSD SDG DGS GSI SIR IRL	ARA RAE AEA EAA AAS ASD SDS DSH SHS HSR SRP RPI PIM IMF MFD FDH	HIV	ATYDSDGSIRL	IGLV1-47*01	IGLJ3*01	ARAEAASDSHSRPIMFDH	IGHV1-46*01	IGHJ1*01
19637	QES ESY SYS YSS SSV SVP VPM PMY MYI	TAD ADE DEG EGA GAP API PIL ILR LRF RFF FFE FEW EWG WGY GYY YYN YNY NYY YYM YMD MDV	HIV	QESYSSVPMYI	IGKV1D-39*01	IGKJ3*01	TADEGAPILRFFEWGYYNYYMDV	IGHV3-15*04	IGHJ6*04
36469	QQY QYD YDS DSS SSP SPI PIT	ARS RSF SFG FGF GFL FLY LYG YGF GFD FDV	Not_HIV	QQYDSSPIT	IGKV3-20*01	IGKJ5*01	ARSFGFLYGFDV	IGHV3-13*04	IGHJ6*01
201247	QQY QYS YSN SNW NWP WPR PRT	ARA RAP APD PDD DDY DYY YYD YDS DSV SVG VGY GYY YYY YYG YGC GCP CPY PYF YFD FDS	Not_HIV	QQYSNWPRT	IGKV3D-15*01	IGKJ2*01	ARAPDDYYDSVGYYYGCPYFDS	IGHV4-4*08	IGHJ5*01
9231	QQS QSY SYT YTT TTP TPP PPT	ARR RRL RLA LAL ALV LVR VRM RMW MWM WMD MDY	Not_HIV	QQSYTTPPT	IGKV1D-39*01	IGKJ1*01	ARRLALVRMWMDY	IGHV3-66*02	IGHJ4*01
28868	MQG QGT GTH THW HWW WWT	AKV KVG VGD GDG DGT GTV TVA VAG AGT GTI TID IDY	Not_HIV	MQGTHWWT	IGKV2-30*01	IGKJ1*01	AKVGDGTVAGTIDY	IGHV3-30*02	IGHJ4*01
36468	QQY QYG YGS GSS SSP SPL PLT	ARA RAA AAF AFG FGS GSH SHY HYF YFD FDY	Not_HIV	QQYGSSPLT	IGKV3-20*01	IGKJ1*01	ARAAFGSHYFDY	IGHV3-13*04	IGHJ4*02
811	QQY QYE YEF	TRG RGK GKY KYC YCT CTA TAR ARD RDY DYY YYN YNW NWD WDF DFE FEH	HIV	QQYEF	IGKV3-20*01	IGKJ1*01	TRGKYCTARDYYNWDFEH	IGHV1-18*04	IGHJ1*01
312	QQH QHN HNE NEY EYP YPY PYT	ARM RMG MGS GSD SDY DYD YDV DVW VWF WFD FDY	Not_HIV	QQHNEYPYT	IGKV3-11*01	IGKJ2*01	ARMGSDYDVWFDY	IGHV2-26*01	IGHJ4*01
19847	QHY HYF YFN FNI NIP IPH PHN	ARL RLD LDA DAR ARV RVD VDA DAG AGW GWQ WQL QLD LDS	Not_HIV	QHYFNIPHN	IGKV4-HIV*01	IGKJ2*01	ARLDARVDAGWQLDS	IGHV5-51*02	IGHJ5*01
667	HIW IWD WDS DSR SRR RRP RPT PTN TNW NWV	ATT TTK TKH KHG HGR GRR RRI RIY IYG YGV GVV VVA VAF AFK FKE KEW EWF WFT FTY TYF YFY FYM YMD MDV	HIV	HIWDSRRPTNWV	IGLV3-21*01	IGLJ3*02	ATTKHGRRIYGVVAFKEWFTYFYMDV	IGHV4-59*02	IGHJ6*04
19642	MQG QGT GTH THW HWP WPP PPM PMC MCS	ARG RGT GTS TST STG TGL GLR LRE REA EAF AFH FHI	Not_HIV	MQGTHWPPMCS	IGKV2-30*01	IGKJ2*01	ARGTSTGLREAFHI	IGHV5-51*01	IGHJ3*02
528	SSR SRD RDK DKS KSG SGS GSR SRL RLS LSV	ART RTG TGK GKY KYY YYD YDF DFW FWS WSG SGY GYP YPP PPG PGE GEE EEY EYF YFQ FQD	HIV	SSRDKSGSRLSV	IGLV3-19*01	IGLJ3*01	ARTGKYYDFWSGYPPGEEYFQD	IGHV3-15*04	IGHJ1*01
19560	SSW SWD WDS DST STG TGL GLV	ARG RGF GFG FGT GTD TDF	Not_HIV	SSWDSTGLV	IGLV3-25*03	IGLJ3*01	ARGFGTDF	IGHV3-23*04	IGHJ5*01
19573	QQS QSS SSD SDD DDP DPI PIT	ARS RSR SRG RGQ GQA QAS ASW SWD WDY DYW YWW WWA WAM AMD MDY	Not_HIV	QQSSDDPIT	IGKV1D-39*01	IGKJ1*01	ARSRGQASWDYWWAMDY	IGHV3-66*02	IGHJ4*01
1402	SSY SYA YAG AGS GSN SNN NNF NFA FAV	ARV RVS VSR SRG RGG GGS GSF SFS FSD	Not_HIV	SSYAGSNNFAV	IGLV2-8*01	IGLJ3*01	ARVSRGGSFSD	IGHV3-7*02	IGHJ1*01
313	QQH QHD HDY DYP YPY PYT	ARL RLG LGS GSD SDY DYD YDV DVW VWF WFD FDY	Not_HIV	QQHDYPYT	IGKV3-11*01	IGKJ2*01	ARLGSDYDVWFDY	IGHV2-5*09	IGHJ4*01
415	QVW VWD WDS DSS SSS SSD SDH DHV HVI	ARG RGG GGL GLE LEP EPR PRS RSV SVD VDY DYY YYY YYY YYG YGM GMD MDV	Not_HIV	QVWDSSSDHVI	IGLV3-21*02	IGLJ3*01	ARGGLEPRSVDYYYYGMDV	IGHV1-2*04	IGHJ6*02
1388	QQL QLN LNT NTY TYP YPF PFT	AKP KPK PKS KSR SRD RDR DRG RGG GGP GPG PGD GDD DDY DYF YFG FGM GMD MDV	Not_HIV	QQLNTYPFT	IGKV1-9*01	IGKJ3*01	AKPKSRDRGGPGDDYFGMDV	IGHV4-59*04	IGHJ6*02
1320	AAW AWD WDD DDS DSL SLS LSA SAH AHV HVV	ARE REL ELL LLM LMD MDY DYY YYD YDH DHI HIG IGY GYS YSP SPG PGP GPT	Not_HIV	AAWDDSLSAHVV	IGLV1-44*01	IGLJ3*01	ARELLMDYYDHIGYSPGPT	IGHV3-30*11	IGHJ1*01
19574	MQN QNK NKQ KQT QTP TPL PLT	VIR IRG RGD GDV DVY VYN YNR NRQ	Not_HIV	MQNKQTPLT	IGKV2-28*01	IGKJ5*01	VIRGDVYNRQ	IGHV3-73*01	IGHJ1*01
199390	QET ETY TYS YSR SRT	ARD RDF DFF FFE FEK EKL KLI LIA IAD ADD DDL DLN LNA NAF AFD FDI	Not_HIV	QETYSRT	IGKV1D-39*01	IGKJ3*01	ARDFFEKLIADDLNAFDI	IGHV4-59*02	IGHJ3*02
1005	QTW TWD WDS DSS SST STD TDV DVV	ARA RAV AVV VVF VFT FTD TDS DSS SSA SAY AYY YYY YYS YSK SKY KYF YFD FDY	Not_HIV	QTWDSSTDVV	IGLV3-HIV*01	IGLJ3*01	ARAVVFTDSSAYYYSKYFDY	IGHV3-23*04	IGHJ4*01
519	QVW VWD WDS DSD SDS DSD SDH DHV HVV	ARA RAG AGL GLE LEP EPR PRS RSV SVD VDY DYY YYF YFY FYG YGL GLD LDV	Not_HIV	QVWDSDSDHVV	IGLV3-21*02	IGLJ3*01	ARAGLEPRSVDYYFYGLDV	IGHV1-2*04	IGHJ6*02
601	QQY QYE YEF	TRG RGK GKY KYC YCT CTA TAR ARD RDY DYY YYN YNW NWD WDF DFE FEH	HIV	QQYEF	IGKV3S7*01	IGKJ1*01	TRGKYCTARDYYNWDFEH	IGHV1-18*04	IGHJ1*01
19563	MQG QGL GLH LHS HSP SPW PWT	LTG TGS GSK SKH KHR HRL RLR LRD RDY DYF YFL FLY LYN YNE NEY EYG YGP GPN PNY NYE YEE EEW EWG WGD GDY DYL YLA LAT ATL TLD LDV	HIV	MQGLHSPWT	IGKV2-28*01	IGKJ1*01	LTGSKHRLRDYFLYNEYGPNYEEWGDYLATLDV	IGHV1-8*01	IGHJ6*02
1436	QQY QYE YEF	TRG RGK GKY KYC YCT CTA TAR ARD RDY DYY YYN YNW NWD WDF DFE FEH	HIV	QQYEF	IGKV3S7*01	IGKJ1*01	TRGKYCTARDYYNWDFEH	IGHV1-18*04	IGHJ1*01
19706	QQY QYY YYN YNY NYP YPL PLT	ARF RFV FVN VNW NWD WDG DGD GDY DYM YMD MDY	Not_HIV	QQYYNYPLT	IGKV1D-39*01	IGKJ1*01	ARFVNWDGDYMDY	IGHV3-66*02	IGHJ4*01
28884	QQY QYN YNN NNY NYW YWT	ARV RVR VRD RDS DSS SSD SDY DYY YYG YGD GDA DAF AFD FDI	Not_HIV	QQYNNYWT	IGKV1-5*03	IGKJ1*01	ARVRDSSDYYGDAFDI	IGHV3-33*01	IGHJ3*02
525	SSR SRD RDK DKS KSG SGS GSR SRL RLS LSV	ART RTG TGK GKY KYY YYD YDF DFW FWS WSG SGY GYP YPP PPG PGE GEE EEY EYF YFQ FQD	HIV	SSRDKSGSRLSV	IGLV3-19*01	IGLJ3*01	ARTGKYYDFWSGYPPGEEYFQD	IGHV3-15*04	IGHJ1*01
502	AAW AWD WDD DDS DSL SLK LKG KGA GAV	ARH RHG HGN GNY NYY YYY YYY YYS YSG SGM GMD MDV	Not_HIV	AAWDDSLKGAV	IGLV1-44*01	IGLJ7*01	ARHGNYYYYSGMDV	IGHV1-69D*01	IGHJ6*02
26786	QQY QYY YYS YSS SSP SPP PPT	AKD KDL DLS LSP SPP PPY PYS YSY SYA YAW AWD WDI DIF IFQ FQY	Not_HIV	QQYYSSPPT	IGKV4-HIV*01	IGKJ4*01	AKDLSPPYSYAWDIFQY	IGHV3-30-3*02	IGHJ1*01
1036	QQY QYY YYS YST STP TPG PGL GLT	RLL LLW LWF WFG FGE GEL ELF LFF FFD FDY	Not_HIV	QQYYSTPGLT	IGKV4-HIV*01	IGKJ4*01	RLLWFGELFFDY	IGHV3-48*03	IGHJ4*01
208	QQA QAW AWA WAY AYL YLP LPT	ARE RED EDF DFR FRN RNR NRR RRR RRL RLW LWY WYV YVM VMD MDY	Not_HIV	QQAWAYLPT	IGKV1S22*01	IGKJ1*01	AREDFRNRRRLWYVMDY	IGHV3-66*02	IGHJ4*01
19628	QQS QSG SGT GTF TFP FPP PPT PTT	ARQ RQW QWG WGS GSY SYA YAF AFD FDS	Not_HIV	QQSGTFPPTT	IGKV1D-39*01	IGKJ1*01	ARQWGSYAFDS	IGHV3-30*03	IGHJ5*01
26787	QQY QYY YYT YTT TTP TPL PLT	ARE REP EPL PLG LGY GYC YCS CSG SGG GGS GSC SCY CYP YPL PLH LHN HNG NGM GMD MDV	Not_HIV	QQYYTTPLT	IGKV4-HIV*01	IGKJ2*01	AREPLGYCSGGSCYPLHNGMDV	IGHV1-69*09	IGHJ6*02
1254	QQY QYF YFY FYW YWP WPI PIT	ARS RSY SYS YSW SWS WSY SYA YAI AID IDY	Not_HIV	QQYFYWPIT	IGKV1D-39*01	IGKJ1*01	ARSYSWSYAIDY	IGHV3-66*02	IGHJ4*01
931	QHY HYN YNS NSY SYS YSP SPG PGY GYT	ARP RPH PHY HYY YYD YDS DSL SLD LDA DAF AFD FDI	Not_HIV	QHYNSYSPGYT	IGKV1-5*03	IGKJ1*01	ARPHYYDSLDAFDI	IGHV5-51*01	IGHJ3*02
19692	QQY QYG YGR GRS RSR SRW RWT	AKS KSG SGT GTQ TQY QYY YYD YDT DTT TTG TGY GYE YEY EYR YRG RGL GLE LEY EYF YFG FGY	Not_HIV	QQYGRSRWT	IGKV3-20*01	IGKJ1*01	AKSGTQYYDTTGYEYRGLEYFGY	IGHV3-30*18	IGHJ4*01
19587	QQY QYD YDN DNL NLP LPL PLT	ATE TET ETA TAL ALV LVV VVS VSE SET ETY TYL YLP LPH PHY HYF YFD FDN	Not_HIV	QQYDNLPLT	IGKV1D-33*01	IGKJ4*01	ATETALVVSETYLPHYFDN	IGHV1-69D*01	IGHJ5*01
1397	QVW VWD WDT DTG TGS GSD SDP DPV PVV	ARD RDS DSS SSS SSS SSW SWA WAR ARW RWF WFF FFD FDL	Not_HIV	QVWDTGSDPVV	IGLV3-21*01	IGLJ3*01	ARDSSSSWARWFFDL	IGHV1-18*04	IGHJ2*01
1044	SSR SRD RDK DKS KSG SGS GSR SRL RLS LSV	ART RTG TGK GKY KYY YYD YDF DFW FWS WSG SGY GYP YPP PPG PGE GEE EEY EYF YFQ FQD	HIV	SSRDKSGSRLSV	IGLV3-19*01	IGLJ3*01	ARTGKYYDFWSGYPPGEEYFQD	IGHV3-74*03	IGHJ1*01
500	ATW TWD WDD DDS DSL SLN LNG NGW GWV	ARD RDV DVQ VQY QYS YSG SGS GSY SYL YLG LGA GAY AYY YYF YFD FDY	Not_HIV	ATWDDSLNGWV	IGLV1-47*01	IGLJ3*02	ARDVQYSGSYLGAYYFDY	IGHV1-18*04	IGHJ4*01
1043	SSR SRD RDK DKS KSG SGS GSR SRL RLS LSV	ART RTG TGK GKY KYY YYD YDF DFW FWS WSG SGY GYP YPP PPG PGE GEE EEY EYF YFQ FQD	HIV	SSRDKSGSRLSV	IGLV3-19*01	IGLJ3*01	ARTGKYYDFWSGYPPGEEYFQD	IGHV3-15*04	IGHJ1*01
19794	QQS QSY SYF YFN FNP NPI PIT	ARH RHY HYS YSA SAV AVA VAG AGL GLD LDY	Not_HIV	QQSYFNPIT	IGKV1D-39*01	IGKJ1*01	ARHYSAVAGLDY	IGHV3-66*02	IGHJ4*01
200539	LQD QDY DYN YNY NYL YLL LLT	ARE REI EIT ITM TMI MIA IAW AWF WFD FDP	Not_HIV	LQDYNYLLT	IGKV1-6*01	IGKJ4*01	AREITMIAWFDP	IGHV4-39*07	IGHJ5*02
213	QQS QSR SRI RIT ITP TPP PPT	ARR RRV RVC VCY CYN YNR NRL RLG LGV GVC VCA CAG AGG GGM GMD MDY	Not_HIV	QQSRITPPT	IGKV1S22*01	IGKJ1*01	ARRVCYNRLGVCAGGMDY	IGHV3-66*02	IGHJ4*01
918	QQS QSS SSS SSS SSL SLI LIT	ARG RGY GYY YYG YGA GAA AAM AMD MDY	Not_HIV	QQSSSSLIT	IGKV1D-39*01	IGKJ1*01	ARGYYGAAMDY	IGHV3-66*02	IGHJ4*01
1392	QQL QLN LNT NTY TYP YPY PYT	ARG RGR GRY RYD YDY DYW YWS WSG SGY GYL YLS LSP	Not_HIV	QQLNTYPYT	IGKV1-9*01	IGKJ5*01	ARGRYDYWSGYLSP	IGHV3-7*02	IGHJ5*02
976	QSY SYD YDS DSS SSS SSW SWV	ARL RLG LGG GGR GRY RYY YYY YYD YDS DSS SSG SGY GYY YYY YYF YFD FDY	HIV	QSYDSSSWV	IGLV6-57*01	IGLJ3*02	ARLGGRYYYDSSGYYYFDY	IGHV5-51*01	IGHJ4*01
202257	QRR RRS RSN SNW NWP WPP PPF PFT	ARS RSC SCG CGD GDC DCY CYS YSA SAD ADL DLD LDF	Not_HIV	QRRSNWPPFT	IGKV3-11*01	IGKJ3*01	ARSCGDCYSADLDF	IGHV1-69D*01	IGHJ4*02
999	QQY QYG YGG GGS GSP SPY PYT	ARG RGT GTD TDY DYT YTI TID IDD DDQ DQG QGI GIF IFY FYK YKG KGS GSG SGT GTF TFW FWY WYF YFD FDL	HIV	QQYGGSPYT	IGKV3-20*01	IGKJ1*01	ARGTDYTIDDQGIFYKGSGTFWYFDL	IGHV3-20*01	IGHJ2*01
1398	QQS QSN SNS NSW SWP WPY PYT	ANW NWD WDG DGD GDY	Not_HIV	QQSNSWPYT	IGKV5-43*01	IGKJ2*01	ANWDGDY	IGHV3S1*01	IGHJ3*01
19641	QQY QYN YND NDW DWP WPP PPW PWT	AKD KDW DWA WAL ALF LFR FRW RWL WLR LRT RTF TFD FDH	Not_HIV	QQYNDWPPWT	IGKV3D-15*01	IGKJ1*01	AKDWALFRWLRTFDH	IGHV3-30*18	IGHJ1*01
853	CSY SYA YAT ATS TSR SRT RTL TLV	VRD RDG DGV GVR VRF RFY FYY YYD YDS DST STG TGY GYY YYP YPD PDS DSF SFF FFK FKY KYG YGM GMD MDV	Not_HIV	CSYATSRTLV	IGLV2-23*01	IGLJ3*01	VRDGVRFYYDSTGYYPDSFFKYGMDV	IGHV3-74*03	IGHJ6*02
978	QQY QYG YGQ GQS QSL SLS LST	ARE REG EGT GTT TTG TGD GDG DGD GDL DLG LGK GKP KPI PIG IGA GAF AFA FAH	HIV	QQYGQSLST	IGKV3-20*01	IGKJ1*01	AREGTTGDGDLGKPIGAFAH	IGHV1-69*10	IGHJ1*01
362	QQY QYE YEF	TRG RGK GKN KNC NCD CDY DYN YNW NWD WDF DFE FEH	HIV	QQYEF	IGKV3-20*01	IGKJ1*01	TRGKNCDYNWDFEH	IGHV1-18*04	IGHJ1*01
1339	QQY QYY YYS YSI SIP IPR PRT	ASN SNR NRA RAN ANR NRA RAD ADD DDY DYD YDY DYY YYF YFD FDY	Not_HIV	QQYYSIPRT	IGKV4-HIV*01	IGKJ3*01	ASNRANRADDYDYYFDY	IGHV1-69D*01	IGHJ4*01
19588	QQY QYS YST STF TFW FWT	VRD RDR DRS RSN SNG NGW GWS WSS SSI SIN INL	Not_HIV	QQYSTFWT	IGKV1-5*03	IGKJ1*01	VRDRSNGWSSINL	IGHV3-23*01	IGHJ2*01
201043	QQR QRS RSM SMW MWP WPP PPV PVT	ARD RDG DGK GKC KCG CGG GGG GGR GRC RCY CYS YSG SGL GLL LLD LDY	Not_HIV	QQRSMWPPVT	IGKV3-11*01	IGKJ2*01	ARDGKCGGGRCYSGLLDY	IGHV3-30*03	IGHJ4*02
19786	LQH QHD HDI DIY IYA YAS AST	ARL RLA LAS ASG SGF GFR FRD RDY	Not_HIV	LQHDIYAST	IGKV1-17*01	IGKJ3*01	ARLASGFRDY	IGHV1-2*02	IGHJ4*01
36471	QSF SFD FDS DSS SSL SLR LRD RDS DSW SWV	TTV TVY VYR YRY RYN YNY NYD YDS DSV	Not_HIV	QSFDSSLRDSWV	IGLV1-40*02	IGLJ3*02	TTVYRYNYDSV	IGHV3-15*07	IGHJ4*02
19795	QQS QSY SYF YFN FNP NPI PIT	ARH RHY HYS YSA SAV AVA VAG AGL GLD LDY	Not_HIV	QQSYFNPIT	IGKV1D-39*01	IGKJ1*01	ARHYSAVAGLDY	IGHV3-66*02	IGHJ4*01
28879	QQQ QQR QRI	TKR KRG RGG GGW GWG WGD GDG DGS GSD SDI	Not_HIV	QQQRI	IGKV1D-33*01	IGKJ4*01	TKRGGWGDGSDI	IGHV3-33*03	IGHJ3*02
201044	QQR QRS RSS SSW SWP WPP PPI PIT	ARE REG EGL GLS LSR SRE REK EKN KNG NGY GYS YSG SGL GLI LID IDY	Not_HIV	QQRSSWPPIT	IGKV3-11*01	IGKJ5*01	AREGLSREKNGYSGLIDY	IGHV3-30*03	IGHJ4*02
538	QSY SYD YDN DNS NSS SSW SWV	ARL RLG LGG GGR GRY RYY YYH YHD HDS DSS SSG SGY GYY YYY YYL YLD LDY	HIV	QSYDNSSWV	IGLV6-57*02	IGLJ3*02	ARLGGRYYHDSSGYYYLDY	IGHV5-51*01	IGHJ4*01
826	GTP TPD PDR DRS RSL SLS LSV SVV	ARD RDG DGA GAK AKT KTV TVS VSN SNS NSG SGL GLS LSL SLL LLY LYY YYH YHN HNR NRL RLD LDA	Not_HIV	GTPDRSLSVV	IGLV1-51*01	IGLJ3*01	ARDGAKTVSNSGLSLLYYHNRLDA	IGHV1-2*02	IGHJ3*01
19771	QSY SYD YDT DTS TSL SLS LSG SGP GPV PVV	ARQ RQR QRI RIV IVS VSG SGF GFV FVE VEW EWL WLS LSK SKF KFD FDY	Not_HIV	QSYDTSLSGPVV	IGLV1-40*01	IGLJ3*01	ARQRIVSGFVEWLSKFDY	IGHV4-39*07	IGHJ4*01
397	QAW AWD WDA DAS AST STG TGV	TRL RLY LYL YLF LFE FEG EGA GAQ AQS QSS SSN SNA NAF AFD FDL	HIV	QAWDASTGV	IGLV3-HIV*01	IGLJ3*01	TRLYLFEGAQSSNAFDL	IGHV5-51*01	IGHJ3*01
19754	QQD QDG DGW GWS WSL SLI LIT	ARG RGY GYG YGW GWA WAL ALD LDY	Not_HIV	QQDGWSLIT	IGKV1D-13*01	IGKJ1*01	ARGYGWALDY	IGHV3-66*02	IGHJ4*01
1033	QTW TWD WDS DST STV TVV	VRA RAS ASR SRS RSY SYY YYW YWG WGS GSY SYR YRP RPT PTA TAF AFD FDS	Not_HIV	QTWDSTVV	IGLV3-HIV*01	IGLJ3*01	VRASRSYYWGSYRPTAFDS	IGHV4-59*07	IGHJ5*01
305	GTW TWD WDS DSS SSL SLS LST STG TGQ GQL	ATG TGG GGN GNY NYY YYN YNL NLW LWT WTG TGY GYY YYP YPL PLA LAY	HIV	GTWDSSLSTGQL	IGLV1-51*01	IGLJ3*01	ATGGNYYNLWTGYYPLAY	IGHV1-24*01	IGHJ4*01
642	QVW VWD WDI DIS IST STD TDQ DQA QAV	ARH RHV HVR VRS RSG SGY GYP YPD PDT DTA TAY AYY YYF YFD FDK	Not_HIV	QVWDISTDQAV	IGLV3-21*02	IGLJ3*01	ARHVRSGYPDTAYYFDK	IGHV4-38-2*01	IGHJ5*01
662	QQF QFE FEF	VRR RRG RGS GSC SCD CDY DYC YCG CGD GDF DFP FPW PWQ WQY	HIV	QQFEF	IGKV3-20*01	IGKJ5*01	VRRGSCDYCGDFPWQY	IGHV1-2*02	IGHJ1*01
1035	MQS QSK SKD KDF DFP FPL PLT	ARM RMF MFQ FQE QES ESG SGP GPP PPR PRL RLD LDR DRW RWS WSG SGR GRN RNY NYY YYY YYY YYS YSG SGM GMD MDV	HIV	MQSKDFPLT	IGKV2D-29*02	IGKJ4*01	ARMFQESGPPRLDRWSGRNYYYYSGMDV	IGHV3-30*03	IGHJ6*02
19710	QHR HRD RDS DSW SWP WPP PPG PGA GAT	AKE KES ESD SDS DSC SCG CGG GGD GDC DCS CSR SRF RFA FAF AFD FDV	Not_HIV	QHRDSWPPGAT	IGKV3-11*01	IGKJ4*01	AKESDSCGGDCSRFAFDV	IGHV3-33*03	IGHJ3*01
1327	QQY QYD YDG DGL GLP LPF PFT	AKH KHM HMS MSM SMQ MQQ QQV QVV VVS VSA SAG AGW GWE WER ERA RAD ADL DLV LVG VGD GDA DAF AFD FDV	Not_HIV	QQYDGLPFT	IGKV1D-33*01	IGKJ3*01	AKHMSMQQVVSAGWERADLVGDAFDV	IGHV3-23*01	IGHJ3*01
341	QQF QFD FDG DGD GDP DPT	ARH RHY HYE YEI EIQ IQI QIG IGR GRY RYG YGM GMN MNV NVY VYY YYL YLM LMY MYR YRF RFA FAS	Not_HIV	QQFDGDPT	IGKV1S11*01	IGKJ1*01	ARHYEIQIGRYGMNVYYLMYRFAS	IGHV1-69*10	IGHJ5*01
1006	QAW AWD WDS DSS SST STD TDV DVV	ARA RAV AVV VVF VFT FTD TDS DSS SSA SAY AYY YYY YYS YSK SKY KYF YFD FDY	Not_HIV	QAWDSSTDVV	IGLV3-HIV*01	IGLJ3*01	ARAVVFTDSSAYYYSKYFDY	IGHV3-23*04	IGHJ4*01
1571	KQY QYA YAD ADY DYW YWT	ARD RDR DRY RYS YSP SPT PTG TGH GHY HYY YYG YGM GMD MDV	Not_HIV	KQYADYWT	IGKV1-5*03	IGKJ1*01	ARDRYSPTGHYYGMDV	IGHV3-13*04	IGHJ6*02
19685	QSV SVD VDN DNS NSG SGT GTY TYE YEV	ATL TLN LNL NLE LEL ELA LAV AVD VDA DAI AIS ISE SEA EAL ALK	Not_HIV	QSVDNSGTYEV	IGLV3-25*03	IGLJ7*01	ATLNLELAVDAISEALK	IGHV3-7*02	IGHJ1*01
36474	MQA QAL ALQ LQT QTP TPS PSW SWT	ARV RVA VAS ASS SSA SAG AGT GTF TFY FYY YYG YGM GMD MDV	Not_HIV	MQALQTPSWT	IGKV2-28*01	IGKJ1*01	ARVASSAGTFYYGMDV	IGHV3-53*02	IGHJ6*01
19820	CSY SYT YTH THN HNS NSG SGC GCV	AKG KGL GLL LLR LRD RDG DGS GSS SST STW TWL WLP LPY PYL	HIV	CSYTHNSGCV	IGLV2-14*02	IGLJ1*01	AKGLLRDGSSTWLPYL	IGHV1-18*04	IGHJ4*01
19808	MQS QSL SLQ LQT QTP TPR PRL RLT	TRG RGG GGT GTL TLF LFD FDY	Not_HIV	MQSLQTPRLT	IGKV2-28*01	IGKJ3*01	TRGGTLFDY	IGHV3-49*04	IGHJ4*01
19613	MQG QGT GTH THW HWP WPP PPY PYT	ARG RGY GYA YAD ADT DTP TPV PVF VFR FRR RRY RYY YYY YYY YYG YGM GMD MDV	Not_HIV	MQGTHWPPYT	IGKV2-30*01	IGKJ1*01	ARGYADTPVFRRYYYYGMDV	IGHV4-34*01	IGHJ6*04
202253	NSR SRD RDS DST STN TND NDP DPV PVL	ARW RWS WSG SGT GTY TYY YYD YDY	Not_HIV	NSRDSTNDPVL	IGLV3-19*01	IGLJ3*01	ARWSGTYYDY	IGHV3-66*02	IGHJ4*02
1374	QQG QGS GST STF TFP FPY PYT	VRN RNR NRV RVQ VQM QME MEV EVS VSP SPA PAT ATQ TQS QST STW TWY WYM YMD MDL	Not_HIV	QQGSTFPYT	IGKV1S25*01	IGKJ1*01	VRNRVQMEVSPATQSTWYMDL	IGHV1-18*04	IGHJ2*01
28882	QQY QYN YNS NSY SYW YWT	ARV RVQ VQT QTT TTT TTG TGG GGG GGS GSC SCC CCP CPF PFD FDY	Not_HIV	QQYNSYWT	IGKV1-5*03	IGKJ1*01	ARVQTTTGGGSCCPFDY	IGHV3-33*01	IGHJ4*01
19846	QHY HYF YFN FNT NTP TPH PHN	ARL RLD LDA DAR ARV RVD VDA DAG AGW GWQ WQL QLD LDS	Not_HIV	QHYFNTPHN	IGKV4-HIV*01	IGKJ2*01	ARLDARVDAGWQLDS	IGHV5-51*02	IGHJ5*01
1354	QQR QRS RSN SNW NWP WPP PPG PGY GYT	VKD KDL DLG LGI GIA IAA AAR ARR RRF RFV FVS VSG SGA GAF AFD FDI	Not_HIV	QQRSNWPPGYT	IGKV3-11*01	IGKJ1*01	VKDLGIAARRFVSGAFDI	IGHV3-23*04	IGHJ3*02
199	QQH QHG HGN GNL NLP LPY PYT	ARP RPY PYL YLT LTY TYP YPQ PQR QRR RRG RGP GPQ PQN QNV NVS VSP SPF PFD FDN	Not_HIV	QQHGNLPYT	IGKV1S11*01	IGKJ1*01	ARPYLTYPQRRGPQNVSPFDN	IGHV3-23*04	IGHJ3*01
315	QQY QYS YSS SSY SYS YSS SSL SLF LFT	ARE REY EYY YYR YRW RWY WYT YTA TAI AID IDY	Not_HIV	QQYSSYSSLFT	IGKV1D-39*01	IGKJ1*01	AREYYRWYTAIDY	IGHV3-66*02	IGHJ4*01
8748	QQY QYY YYS YST STP TPL PLT	AKV KVG VGG GGS GSA SAY AYY YYE YED EDP DPY PYS YSL SLG LGY GYL YLD LDF	Not_HIV	QQYYSTPLT	IGKV4-HIV*01	IGKJ4*01	AKVGGSAYYEDPYSLGYLDF	IGHV1-69D*01	IGHJ5*01
201008	QVW VWD WDS DSS SSS SSV SVV	ARG RGP GPL PLS LSR SRG RGY GYY YYD YDY	Not_HIV	QVWDSSSVV	IGLV3-21*03	IGLJ3*01	ARGPLSRGYYDY	IGHV1-69D*01	IGHJ4*02
896	QQL QLN LNS NSY SYS YSL SLT	ARG RGG GGM GMT MTM TMV MVR VRG RGV GVM VMM MMD	Not_HIV	QQLNSYSLT	IGKV1-9*01	IGKJ4*01	ARGGMTMVRGVMMD	IGHV1-2*04	IGHJ6*02
19752	QSY SYD YDR DRY RYT YTH THP HPA PAL ALL	KTH THG HGS GSH SHD HDN	Not_HIV	QSYDRYTHPALL	IGLV1-40*01	IGLJ1*01	KTHGSHDN	IGHV3-30*02	IGHJ3*01
19788	MQA QAL ALQ LQT QTP TPA	ARE REG EGG GGH GHQ HQG QGY GYC YCS CSG SGG GGS GSC SCY CYD YDF DFD FDY	Not_HIV	MQALQTPA	IGKV2-28*01	IGKJ4*01	AREGGHQGYCSGGSCYDFDY	IGHV1-69*14	IGHJ4*01
1544	QQS QSS SSS SSS SSL SLI LIT	ARL RLT LTW TWR WRS RSY SYR YRG RGV GVH VHA HAL ALD LDY	Not_HIV	QQSSSSLIT	IGKV1D-39*01	IGKJ1*01	ARLTWRSYRGVHALDY	IGHV3-66*02	IGHJ4*01
1000	QQY QYG YGR GRS RSP SPY PYT	ARG RGT GTD TDY DYT YTI TID IDD DDQ DQG QGI GIR IRY RYQ YQG QGS GSG SGT GTF TFW FWY WYF YFD FDV	HIV	QQYGRSPYT	IGKV3-20*01	IGKJ1*01	ARGTDYTIDDQGIRYQGSGTFWYFDV	IGHV3-20*01	IGHJ2*01
900	QQS QSY SYS YSI SIP IPL PLT	ARR RRR RRS RSD SDF DFE FET ETV TVD VDF DFI FIY IYH YHY HYM YMD MDV	Not_HIV	QQSYSIPLT	IGKV1D-39*01	IGKJ5*01	ARRRSDFETVDFIYHYMDV	IGHV4-59*08	IGHJ6*04
955	QQS QST STG TGH GHP HPQ PQT	ART RTY TYG YGI GIY IYD YDL DLY LYV YVD VDY DYT YTE TEY EYV YVM VMD MDY	Not_HIV	QQSTGHPQT	IGKV1D-39*01	IGKJ1*01	ARTYGIYDLYVDYTEYVMDY	IGHV3-66*02	IGHJ4*01
466	QQS QSN SNR NRA RAP APA PAT	AKW KWW WWA WAW AWP WPA PAF AFD FDY	Not_HIV	QQSNRAPAT	IGKV1S22*01	IGKJ1*01	AKWWAWPAFDY	IGHV3-66*02	IGHJ4*01
380	QQW QWW WWW WWW WWP WPS PST	ARW RWW WWS WSS SSA SAM AMD MDY	Not_HIV	QQWWWWPST	IGKV1D-39*01	IGKJ1*01	ARWWSSAMDY	IGHV3-23*04	IGHJ4*01
1343	QQY QYN YNN NNW NWP WPL PLT	VRD RDA DAY AYV YVS VSG SGS GSD SDY DYY YYY YYY YYG YGL GLD LDV	Not_HIV	QQYNNWPLT	IGKV3D-15*01	IGKJ4*01	VRDAYVSGSDYYYYGLDV	IGHV3-9*01	IGHJ2*01
207	QQY QYL YLG LGS GSP SPP PPT	ARG RGE GEL ELP LPY PYY YYR YRM RMS MSK SKV KVM VMD MDV	Not_HIV	QQYLGSPPT	IGKV1D-39*01	IGKJ1*01	ARGELPYYRMSKVMDV	IGHV3-23*04	IGHJ6*02
536	QQL QLE LEF	ARQ RQK QKF KFY FYT YTG TGG GGQ GQG QGW GWY WYF YFD FDL	HIV	QQLEF	IGKV3-20*01	IGKJ5*01	ARQKFYTGGQGWYFDL	IGHV1-2*02	IGHJ2*01
827	QQA QAN ANS NSF SFP FPY PYT	ARW RWN WNN NNW NWN WNH NHR HRG RGM GMV MVF VFA FAF AFD FDL	Not_HIV	QQANSFPYT	IGKV1-12*01	IGKJ1*01	ARWNNWNHRGMVFAFDL	IGHV3-30*03	IGHJ3*01
1365	SSY SYD YDD DDP DPN PNF NFQ FQV	ARY RYS YSY SYP YPF PFY FYS YSI SID IDY	Not_HIV	SSYDDPNFQV	IGLV3-21*01	IGLJ3*01	ARYSYPFYSIDY	IGHV6-HIV*01	IGHJ4*01
501	AAW AWD WDD DDS DSL SLK LKG KGA GAV	ARH RHG HGN GNY NYY YYY YYY YYS YSG SGM GMD MDV	Not_HIV	AAWDDSLKGAV	IGLV1-44*01	IGLJ7*01	ARHGNYYYYSGMDV	IGHV1-69D*01	IGHJ6*02
28869	MQG QGT GTH THW HWP WPD PDT	AAC ACS CSN SNV NVG VGC GCY CYV YVY	Not_HIV	MQGTHWPDT	IGKV2-30*01	IGKJ2*01	AACSNVGCYVY	IGHV1-2*02	IGHJ4*01
201007	QAW AWD WDS DSS SSA SAL ALV	ARG RGP GPL PLS LSR SRG RGY GYY YYD YDY	Not_HIV	QAWDSSALV	IGLV3-HIV*01	IGLJ3*01	ARGPLSRGYYDY	IGHV1-69D*01	IGHJ4*02
36818	NSR SRD RDT DTS TSG SGY GYH YHL HLV	ATG TGN GNA NAD ADC DCS CSG SGG GGS GSC SCY CYN YNW NWF WFD FDP	Not_HIV	NSRDTSGYHLV	IGLV3-19*01	IGLJ3*01	ATGNADCSGGSCYNWFDP	IGHV1-8*01	IGHJ5*02
413	GTW TWD WDS DSR SRL RLG LGI GIA IAV	VGL GLD LDW DWN WNY NYN YNP NPL PLR LRY	Not_HIV	GTWDSRLGIAV	IGLV1-51*01	IGLJ7*01	VGLDWNYNPLRY	IGHV5-51*01	IGHJ4*01
1458	QQY QYG YGT GTS TSP SPY PYT	ARD RDF DFG FGP GPD PDW DWE WED EDG DGD GDS DSY SYD YDG DGS GSG SGR GRG RGF GFF FFD FDF	HIV	QQYGTSPYT	IGKV3-20*01	IGKJ2*01	ARDFGPDWEDGDSYDGSGRGFFDF	IGHV1-69D*01	IGHJ5*01
1307	QQY QYR YRY RYS YSP SPR PRT	ARG RGG GGF GFG FGS GSF SFD FDT	Not_HIV	QQYRYSPRT	IGKV3-11*01	IGKJ1*01	ARGGFGSFDT	IGHV3-9*01	IGHJ3*01
1574	QHM HMS MSS SSY SYP YPL PLT	ARD RDK DKY KYY YYG YGN GNE NEA EAV AVG VGM GMD MDV	HIV	QHMSSYPLT	IGKV1-9*01	IGKJ4*01	ARDKYYGNEAVGMDV	IGHV1-2*02	IGHJ6*02
807	QQY QYE YEF	TRG RGK GKY KYC YCT CTA TAR ARD RDY DYY YYN YNW NWD WDF DFE FEH	HIV	QQYEF	IGKV3-20*01	IGKJ1*01	TRGKYCTARDYYNWDFEH	IGHV1-18*04	IGHJ1*01
824	HMW MWD WDS DSR SRS RSG SGF GFS FSW SWS	ATA TAR ARR RRG RGQ GQR QRI RIY IYG YGV GVV VVS VSF SFG FGE GEF EFF FFY FYY YYY YYY YYM YMD MDV	HIV	HMWDSRSGFSWS	IGLV3-21*01	IGLJ3*02	ATARRGQRIYGVVSFGEFFYYYYMDV	IGHV4-59*03	IGHJ6*04
19719	QSF SFD FDS DSI SIL ILS LSG SGD GDL DLV	ATS TSY SYV YVD VDN DNW NWH WHA HAG AGL GLH LHW HWF WFD FDS	Not_HIV	QSFDSILSGDLV	IGLV1-40*01	IGLJ3*01	ATSYVDNWHAGLHWFDS	IGHV4-59*04	IGHJ5*01
8740	QSS SSD SDR DRF RFG FGS GSR SRY RYV	AAG AGF GFH FHY	Not_HIV	QSSDRFGSRYV	IGLV3-25*03	IGLJ1*01	AAGFHY	IGHV1-18*04	IGHJ4*01
202467	QHR HRG RGN GNW NWP WPP PPG PGA GAT	AKE KEG EGH GHG HGS GSD SDM DMT MTW TWR WRA RAD ADF DFD FDY	Not_HIV	QHRGNWPPGAT	IGKV3-11*01	IGKJ3*01	AKEGHGSDMTWRADFDY	IGHV3-30*18	IGHJ4*02
410	QQY QYG YGT GTS TSP SPR PRT	ARE REP EPP PPL PLF LFY FYS YSS SSW SWS WSL SLD LDN	Not_HIV	QQYGTSPRT	IGKV3-20*01	IGKJ1*01	AREPPLFYSSWSLDN	IGHV1-18*04	IGHJ5*01
1025	QQY QYY YYS YSA SAP APL PLT	VRE REG EGP GPR PRA RAT ATG TGY GYS YSM SMA MAD ADV DVF VFD FDI	Not_HIV	QQYYSAPLT	IGKV4-HIV*01	IGKJ4*01	VREGPRATGYSMADVFDI	IGHV3-21*03	IGHJ3*02
646	QSY SYD YDR DRN RNL NLS LSG SGV	ARA RAR ARA RAT ATG TGY GYS YSS SSI SIT ITP TPY PYF YFD FDI	Not_HIV	QSYDRNLSGV	IGLV1-40*02	IGLJ1*01	ARARATGYSSITPYFDI	IGHV3-21*03	IGHJ5*01
739	QQY QYS YSS SSF SFP FPT PTT	ARW RWG WGD GDE DEG EGF GFD FDI	Not_HIV	QQYSSFPTT	IGKV1S11*01	IGKJ1*01	ARWGDEGFDI	IGHV3-23*04	IGHJ5*01
46	QSS SSS SSS SSP SPY PYT	SRY RYS YSS SSY SYY YYS YSY SYY YYY YYS YSS SSS SSS SSY SYS YSY SYA YAM AMD MDY	Not_HIV	QSSSSPYT	IGKV1S22*01	IGKJ1*01	SRYSSYYSYYYSSSSYSYAMDY	IGHV3-23*04	IGHJ4*01
28878	QQQ QQR QRI	TKR KRA RAG AGW GWG WGD GDA DAL ALD LDI	Not_HIV	QQQRI	IGKV1D-33*01	IGKJ4*01	TKRAGWGDALDI	IGHV3-33*03	IGHJ3*02
19790	QQY QYE YEF	TRG RGK GKY KYC YCT CTA TAR ARD RDY DYY YYN YNW NWD WDF DFE FEH	HIV	QQYEF	IGKV3S7*01	IGKJ1*01	TRGKYCTARDYYNWDFEH	IGHV1-18*04	IGHJ1*01
555	AVF VFQ FQW	ARD RDE DES ESG SGD GDD DDL DLK LKW KWH WHL HLH LHP	HIV	AVFQW	IGKV1D-39*01	IGKJ3*01	ARDESGDDLKWHLHP	IGHV1-2*02	IGHJ5*02
19819	QVW VWD WDS DSG SGR GRG RGH GHP HPL PLY LYV	ARA RAL ALE LEM EMG MGH GHR HRS RSG SGF GFP FPF PFD FDY	Not_HIV	QVWDSGRGHPLYV	IGLV3-21*01	IGLJ1*01	ARALEMGHRSGFPFDY	IGHV1-18*04	IGHJ4*01
411	QQH QHY HYR YRT RTP TPP PPT	AKD KDS DSQ SQL QLR LRS RSL SLL LLY LYF YFE FEW EWL WLS LSQ SQG QGY GYF YFD FDP	Not_HIV	QQHYRTPPT	IGKV4-HIV*01	IGKJ1*01	AKDSQLRSLLYFEWLSQGYFDP	IGHV3-30-3*02	IGHJ5*02
535	QQS QSY SYT YTT TTP TPP PPT	ART RTW TWL WLL LLR LRW RWV WVM VMD MDL	Not_HIV	QQSYTTPPT	IGKV1D-39*01	IGKJ1*01	ARTWLLRWVMDL	IGHV3-66*02	IGHJ6*02
562	QQF QFE FEF	VRR RRG RGS GSS SSC SCP CPH PHC HCG CGD GDF DFH FHF HFE FEH	HIV	QQFEF	IGKV3D-11*01	IGKJ5*01	VRRGSSCPHCGDFHFEH	IGHV1-2*02	IGHJ1*01
19723	TSY SYH YHP HPT PTK TKT KTI TIL	ARD RDD DDD DDY DYE YEE EEW EWP WPW PWY WYY YYG YGM GMD MDV	Not_HIV	TSYHPTKTIL	IGLV2-14*01	IGLJ3*01	ARDDDYEEWPWYYGMDV	IGHV3-23*01	IGHJ6*02
416	QVW VWD WDS DSS SSS SSD SDH DHV HVI	ARG RGG GGL GLE LEP EPR PRS RSV SVD VDY DYY YYY YYY YYG YGM GMD MDV	Not_HIV	QVWDSSSDHVI	IGLV3-21*02	IGLJ3*01	ARGGLEPRSVDYYYYGMDV	IGHV1-2*04	IGHJ6*02
19749	SSY SYA YAG AGS GSV SVV	AKD KDL DLT LTL TLM LMY MYV YVF VFD FDS DSG SGW GWA WAR ARG RGA GAH AHD HDY DYY YYG YGM GMD MDV	Not_HIV	SSYAGSVV	IGLV2-14*02	IGLJ3*01	AKDLTLMYVFDSGWARGAHDYYGMDV	IGHV1-2*02	IGHJ6*02
563	QQY QYE YET	ARG RGV GVR VRR RRD RDA DAS ASW SWW WWL WLQ LQF	HIV	QQYET	IGKV3D-15*01	IGKJ1*01	ARGVRRDASWWLQF	IGHV1-2*02	IGHJ1*01
300	TSW SWD WDD DDS DSL SLD LDS DSQ SQL	ARL RLE LEP EPG PGY GYS YSS SST STW TWS WSV SVN	Not_HIV	TSWDDSLDSQL	IGLV1-36*01	IGLJ3*01	ARLEPGYSSTWSVN	IGHV5-10-HIV*03	IGHJ1*01
1391	LHY HYG YGT GTS TSP SPM PMY MYF	IAS ASS SST STT TTG TGW GWY WYV YVR VRE RED EDF DFD FDY	Not_HIV	LHYGTSPMYF	IGKV3-20*01	IGKJ2*01	IASSTTGWYVREDFDY	IGHV3-73*01	IGHJ4*01
844	QRY RYN YNR NRA RAP APY PYT	AKV KVS VSY SYL YLS LST STA TAS ASS SSL SLD LDY	Not_HIV	QRYNRAPYT	IGKV1-27*01	IGKJ1*01	AKVSYLSTASSLDY	IGHV3-9*01	IGHJ4*01
359	QQH QHQ HQN QNV NVP VPL PLT LTT	ARD RDI DIG IGL GLK LKG KGE GEH EHY HYD YDI DIL ILT LTA TAY AYG YGP GPD PDY	HIV	QQHQNVPLTT	IGKV1D-33*01	IGKJ4*01	ARDIGLKGEHYDILTAYGPDY	IGHV3-30*11	IGHJ4*01
1366	QQQ QQF QFD FDP DPP PPF PFT	ARE RER ERG RGM GMH MHY HYM YMD MDV	Not_HIV	QQQFDPPFT	IGKV1D-39*01	IGKJ4*01	ARERGMHYMDV	IGHV4-39*07	IGHJ6*04
339	AAW AWD WDD DDS DSL SLN LNG NGP GPV	ARD RDW DWG WGS GSN SNY NYV YVW VWG WGS GSY SYP YPK PKY	Not_HIV	AAWDDSLNGPV	IGLV1-44*01	IGLJ3*01	ARDWGSNYVWGSYPKY	IGHV1-46*01	IGHJ4*01
1603	GTW TWD WDS DSS SSL SLN LNV NVV VVV	ARA RAV AVV VVS VSS SSD SDI DIT ITY TYT YTY TYW YWS WSK SKY KYF YFD FDY	Not_HIV	GTWDSSLNVVV	IGLV1-51*01	IGLJ3*01	ARAVVSSDITYTYWSKYFDY	IGHV3-23*04	IGHJ4*01
19824	QQS QSY SYS YST STP TPL PLT	ARD RDR DRG RGI GIG IGA GAR ARR RRG RGP GPY PYY YYM YMD MDV	Not_HIV	QQSYSTPLT	IGKV1D-39*01	IGKJ4*01	ARDRGIGARRGPYYMDV	IGHV3-33*01	IGHJ6*04
19721	GTF TFA FAG AGG GGS GSY SYY YYG YGV	ARG RGG GGW GWF WFD FDY	Not_HIV	GTFAGGSYYGV	IGLV2-23*02	IGLJ3*01	ARGGWFDY	IGHV1-2*02	IGHJ4*01
938	QQY QYD YDK DKL KLP LPT	VRD RDR DRD RDD DDF DFW FWS WSG SGY GYY YYK YKH	Not_HIV	QQYDKLPT	IGKV1S2*01	IGKJ1*01	VRDRDDFWSGYYKH	IGHV3-11*03	IGHJ1*01
911	QQT QTR TRW RWT WTP TPP PPT	VKD KDQ DQT QTI TIF IFH FHK HKN KNG NGA GAV AVD VDF DFF FFS FSY SYF YFD FDL	HIV	QQTRWTPPT	IGKV4-HIV*01	IGKJ3*01	VKDQTIFHKNGAVDFFSYFDL	IGHV1-6*02	IGHJ2*01
8679	QSY SYD YDR DRS RSL SLS LSG SGV	ARA RAR ARA RAT ATG TGY GYN YNS NSI SIT ITP TPY PYF YFD FDI	Not_HIV	QSYDRSLSGV	IGLV1-40*02	IGLJ1*01	ARARATGYNSITPYFDI	IGHV3-21*03	IGHJ5*01
352	QQY QYS YSN SNY NYP YPL PLT	ARD RDN DNP NPT PTL TLL LLG LGS GSD SDY	HIV	QQYSNYPLT	IGKV1-5*03	IGKJ4*01	ARDNPTLLGSDY	IGHV1-69D*01	IGHJ4*01
193	QVW VWD WDS DSS SSS SSD SDH DHA HAV	AKT KTR TRS RSY SYV YVV VVA VAA AAE AEY EYY YYF YFH FHY	Not_HIV	QVWDSSSDHAV	IGLV3-21*02	IGLJ3*01	AKTRSYVVAAEYYFHY	IGHV3-9*01	IGHJ4*01
355	ATW TWD WDS DSG SGL GLS LSA SAD ADW DWV	TTD TDG DGF GFI FIM IMI MIR IRG RGV GVS VSE SED EDY DYY YYY YYY YYY YYM YMD MDV	HIV	ATWDSGLSADWV	IGLV1-51*02	IGLJ3*02	TTDGFIMIRGVSEDYYYYYMDV	IGHV3-15*07	IGHJ6*04
19848	QQY QYY YYN YNS NSP SPY PYT	ARV RVG VGR GRP RPS PSK SKG KGG GGW GWF WFD FDP	Not_HIV	QQYYNSPYT	IGKV4-HIV*01	IGKJ5*01	ARVGRPSKGGWFDP	IGHV5-51*01	IGHJ5*02
1225	QQY QYE YEF	ARG RGK GKY KYC YCT CTA TAS ASD SDY DYY YYN YNW NWD WDF DFE FEH	HIV	QQYEF	IGKV3-20*01	IGKJ1*01	ARGKYCTASDYYNWDFEH	IGHV1-2*02	IGHJ1*01
19734	QQY QYY YYS YST STP TPI PIT	AKD KDP DPG PGG GGD GDS DSS SSP SPA PAG AGR GRT RTW TWF WFD FDP	Not_HIV	QQYYSTPIT	IGKV4-HIV*01	IGKJ5*01	AKDPGGDSSPAGRTWFDP	IGHV3-23*01	IGHJ5*02
19801	CSY SYV YVG VGS GSD SDT DTW TWV	ARV RVY VYS YSY SYG YGV GVP VPF PFD FDY	Not_HIV	CSYVGSDTWV	IGLV2-23*02	IGLJ3*02	ARVYSYGVPFDY	IGHV7-4-HIV*02	IGHJ4*01
1351	FST STD TDS DSS SSG SGQ GQT QTW TWV	ANA NAG AGG GGG GGK GKY KYD YDY DYL YLD LDV	HIV	FSTDSSGQTWV	IGLV3-10*01	IGLJ3*02	ANAGGGKYDYLDV	IGHV3-33*03	IGHJ6*02
1573	QQY QYY YYN YNP NPP PPW PWT	AKG KGG GGA GAA AAA AAA AAV AVM VMD MDV	Not_HIV	QQYYNPPWT	IGKV4-HIV*01	IGKJ1*01	AKGGAAAAVMDV	IGHV3-30*18	IGHJ6*04
637	QQY QYE YET	ARA RAQ AQK QKR KRG RGR GRS RSE SEW EWA WAY AYA YAH	HIV	QQYET	IGKV1D-33*01	IGKJ3*01	ARAQKRGRSEWAYAH	IGHV1-18*04	IGHJ1*01
1559	SSY SYT YTD TDI DIH IHN HNF NFV	ARG RGT GTR TRL RLR LRT RTL TLR LRN RNA NAF AFD FDI	HIV	SSYTDIHNFV	IGLV2-8*01	IGLJ3*01	ARGTRLRTLRNAFDI	IGHV4-31*02	IGHJ3*02
19762	QQY QYY YYY YYG YGY GYP YPI PIT	ARY RYK YKY KYP YPY PYW YWS WSW SWY WYY YYY YYW YWG WGG GGM GMD MDY	Not_HIV	QQYYYGYPIT	IGKV1D-39*01	IGKJ1*01	ARYKYPYWSWYYYWGGMDY	IGHV3-66*02	IGHJ4*01
19789	QQS QSY SYS YST STP TPY PYT	ARA RAT ATN TNY NYD YDS DSS SSG SGY GYY YYS YSL SLY LYF YFD FDY	Not_HIV	QQSYSTPYT	IGKV1D-39*01	IGKJ4*01	ARATNYDSSGYYSLYFDY	IGHV2-70*11	IGHJ4*01
19552	SSY SYT YTR TRR RRD RDT DTY TYV	ARE REP EPD PDY DYY YYD YDS DSS SSG SGY GYY YYP YPI PID IDA DAF AFD FDI	Not_HIV	SSYTRRDTYV	IGLV2-14*01	IGLJ1*01	AREPDYYDSSGYYPIDAFDI	IGHV1-69D*01	IGHJ3*02
19800	HQY QYY YYS YSS SSP SPL PLT	ALL LLT LTV TVL VLT LTP TPD PDD DDA DAF AFD FDI	Not_HIV	HQYYSSPLT	IGKV4-HIV*01	IGKJ4*01	ALLTVLTPDDAFDI	IGHV1-3*01	IGHJ3*02
871	SSY SYA YAG AGS GSN SNN NNF NFA FAV	ARV RVS VSR SRG RGG GGS GSF SFS FSD	Not_HIV	SSYAGSNNFAV	IGLV2-8*01	IGLJ3*01	ARVSRGGSFSD	IGHV3-7*02	IGHJ1*01
1362	QHL HLI LIG IGL GLR LRS	ARR RRS RSN SNW NWP WPY PYL YLP LPF PFD FDP	HIV	QHLIGLRS	IGKV1-9*01	IGKJ2*01	ARRSNWPYLPFDP	IGHV4-34*01	IGHJ5*02
906	TSH SHP HPY PYA	ARE RER ERG RGR GRH RHF HFE FEP EPK PKN KNR NRD RDN DNL NLE LEG EGK GKF KFF FFD FDL	HIV	TSHPYA	IGLV2-23*02	IGLJ1*01	ARERGRHFEPKNRDNLEGKFFDL	IGHV1-69D*01	IGHJ2*01
1357	LQH QHN HNS NSY SYP YPR PRT	ARD RDR DRD RDD DDL DLS LSP SPF PFD FDY	Not_HIV	LQHNSYPRT	IGKV1-17*01	IGKJ1*01	ARDRDDLSPFDY	IGHV4-4*02	IGHJ4*01
1539	QQA QAN ANS NSF SFF FFT	AAD ADP DPW PWE WEL ELN LNN NNV	HIV	QQANSFFT	IGKV1-12*01	IGKJ4*01	AADPWELNNV	IGHV1-69-2*01	IGHJ6*02
188	QTY TYD YDP DPY PYS YSV SVV	ARD RDL DLI LIH IHG HGV GVT VTR TRN	Not_HIV	QTYDPYSVV	IGLV6-57*01	IGLJ3*01	ARDLIHGVTRN	IGHV3-23*01	IGHJ1*01
19757	QQS QSQ SQW QWY WYP YPI PIT	ARS RSY SYS YST STK TKL KLA LAM AMD MDY	Not_HIV	QQSQWYPIT	IGKV1D-39*01	IGKJ1*01	ARSYSTKLAMDY	IGHV3-66*02	IGHJ4*01
189	CSY SYA YAG AGS GSS SST STE TEV EVV	ARG RGP GPK PKE KEQ EQV QVV VVR VRW RWF WFD FDP	Not_HIV	CSYAGSSTEVV	IGLV2-23*02	IGLJ3*01	ARGPKEQVVRWFDP	IGHV1-18*04	IGHJ5*02
28871	MQS QSI SIQ IQL QLV LVT	TRG RGI GII IIV IVG VGD GDT DTW TWH WHF HFD FDP	Not_HIV	MQSIQLVT	IGKV2D-29*02	IGKJ1*01	TRGIIVGDTWHFDP	IGHV3-73*01	IGHJ5*02
201196	QQL QLD LDS DSY SYP YPP PPG PGT	ARD RDL DLG LGT GTG TGL GLF LFD FDY	Not_HIV	QQLDSYPPGT	IGKV1-9*01	IGKJ3*01	ARDLGTGLFDY	IGHV3-53*01	IGHJ4*02
19630	QQS QSH SHS HSP SPP PPV PVT	ARE REQ EQR QRN RNK NKD KDY DYR YRY RYG YGQ GQE QEG EGF GFG FGY GYS YSY SYG YGM GMD MDV	HIV	QQSHSPPVT	IGKV1D-39*01	IGKJ3*01	AREQRNKDYRYGQEGFGYSYGMDV	IGHV3-49*04	IGHJ6*02
895	QQA QAN ANN NNF NFP FPL PLT	ARS RSR SRG RGN GNH NHY HYY YYY YYG YGM GMD MDV	Not_HIV	QQANNFPLT	IGKV1-12*01	IGKJ4*01	ARSRGNHYYYGMDV	IGHV3-30*11	IGHJ6*02
19635	QEN ENY NYN YNT NTI TIP IPS PSL SLS	TMD MDE DEG EGT GTP TPV PVT VTR TRF RFL FLE LEW EWG WGY GYF YFY FYY YYY YYM YMA MAV	HIV	QENYNTIPSLS	IGKV1D-39*01	IGKJ3*01	TMDEGTPVTRFLEWGYFYYYMAV	IGHV3-15*06	IGHJ6*02
1298	QVW VWD WDS DSS SSS SSD SDY DYV	ARD RDT DTV TVM VMG MGG GGM GMD MDV	Not_HIV	QVWDSSSDYV	IGLV3-21*03	IGLJ1*01	ARDTVMGGMDV	IGHV1-69*10	IGHJ6*02
1373	QQS QSN SNN NNV NVP VPH PHT	ARD RDK DKK KKQ KQG QGE GEV EVV VVL VLP LPA PAA AAS ASF SFR FRW RWF WFA FAP	Not_HIV	QQSNNVPHT	IGKV1S1*01	IGKJ1*01	ARDKKQGEVVLPAASFRWFAP	IGHV1-18*04	IGHJ5*02
1219	QQH QHD HDS DSS SSP SPY PYT	ASP SPY PYP YPN PND NDY DYN YND NDY DYA YAP APE PEE EEG EGM GMS MSW SWY WYF YFD FDL	HIV	QQHDSSPYT	IGKV1-5*03	IGKJ2*01	ASPYPNDYNDYAPEEGMSWYFDL	IGHV1-69D*01	IGHJ2*01
19683	QSY SYD YDS DSS SSL SLS LSG SGA GAL	ARH RHR HRR RRV RVL VLL LLW LWF WFG FGE GEF EFQ FQL	Not_HIV	QSYDSSLSGAL	IGLV1-40*01	IGLJ7*01	ARHRRVLLWFGEFQL	IGHV4-39*07	IGHJ1*01
19557	QQY QYG YGQ GQS QSL SLS LST	ARE REG EGT GTT TTP TPP PPG PGW GWG WGW GWL WLG LGK GKP KPI PIG IGA GAF AFA FAH	HIV	QQYGQSLST	IGKV3-20*01	IGKJ1*01	AREGTTPPGWGWLGKPIGAFAH	IGHV1-69*10	IGHJ1*01
169	CSY SYT YTT TTI TIN INT NTW TWV	ARG RGR GRR RRD RDV DVR VRG RGV GVL VLW LWR WRG RGR GRH RHD HDY DYF YFD FDF	Not_HIV	CSYTTINTWV	IGLV2-23*02	IGLJ3*02	ARGRRDVRGVLWRGRHDYFDF	IGHV1-3*01	IGHJ5*01
202269	QQR QRT RTN TNW NWG	ASS SSK SKQ KQQ QQV QVS VSG SGG GGF GFY FYW YWY WYF YFD FDL	Not_HIV	QQRTNWG	IGKV3-11*01	IGKJ1*01	ASSKQQVSGGFYWYFDL	IGHV3-48*01	IGHJ2*01
36466	QQY QYD YDT DTD TDS DSG SGW GWT	AKE KEG EGS GSP SPL PLS LSD SDV DVL VLL LLV LVA VAA AAP APF PFG FGW GWF WFD FDP	Not_HIV	QQYDTDSGWT	IGKV1-5*01	IGKJ1*01	AKEGSPLSDVLLVAAPFGWFDP	IGHV3-23*01	IGHJ5*02
202270	QQR QRL RLN LNW NWP WPP PPL PLT	AKV KVL VLS LSP SPG PGG GGS GSN SNM NMV MVW VWD WDY	Not_HIV	QQRLNWPPLT	IGKV3-11*01	IGKJ4*01	AKVLSPGGSNMVWDY	IGHV3-23*01	IGHJ4*02
526	SSR SRD RDK DKS KSG SGS GSR SRL RLS LSV	ART RTG TGK GKY KYY YYD YDF DFW FWS WSG SGY GYP YPP PPG PGE GEE EEY EYF YFQ FQD	HIV	SSRDKSGSRLSV	IGLV3-19*01	IGLJ3*01	ARTGKYYDFWSGYPPGEEYFQD	IGHV3-15*04	IGHJ1*01
19760	QQS QSP SPQ PQG QGY GYL YLV LVT	ARE REY EYH YHS HSY SYV YVY VYE YEP EPP PPL PLY LYG YGM GMD MDY	Not_HIV	QQSPQGYLVT	IGKV1D-39*01	IGKJ1*01	AREYHSYVYEPPLYGMDY	IGHV3-66*02	IGHJ4*01
1553	KSL SLT LTS TST STR TRR RRR RRV	VRE REA EAG AGG GGP GPD PDY DYR YRN RNG NGY GYN YNY NYY YYD YDF DFY FYD YDG DGY GYY YYN YNY NYH YHY HYM YMD MDV	HIV	KSLTSTRRRV	IGLV2-14*01	IGLJ3*01	VREAGGPDYRNGYNYYDFYDGYYNYHYMDV	IGHV3-30*03	IGHJ6*04
205	QQS QSY SYT YTT TTP TPP PPT	ARS RSA SAR ARF RFS FSF SFD FDY	Not_HIV	QQSYTTPPT	IGKV1D-39*01	IGKJ1*01	ARSARFSFDY	IGHV3-23*04	IGHJ4*01
354	QVY VYG YGA GAS ASS SSY SYT	ARV RVG VGP GPY PYS YSW SWD WDD DDS DSP SPQ PQD QDN DNY NYY YYM YMD MDV	HIV	QVYGASSYT	IGKV3-20*01	IGKJ2*01	ARVGPYSWDDSPQDNYYMDV	IGHV1-3*01	IGHJ6*04
28883	QQY QYN YNS NSY SYW YWT	ARV RVR VRD RDS DSS SSD SDY DYY YYG YGD GDA DAF AFD FDI	Not_HIV	QQYNSYWT	IGKV1-5*03	IGKJ1*01	ARVRDSSDYYGDAFDI	IGHV3-33*01	IGHJ3*02
546	QQY QYN YNN NNW NWP WPP PPW PWT	ARV RVG VGG GGE GEW EWG WGS GSG SGR GRY RYY YYL YLD LDH	Not_HIV	QQYNNWPPWT	IGKV3D-15*01	IGKJ1*01	ARVGGEWGSGRYYLDH	IGHV1-69D*01	IGHJ1*01
28881	QQY QYG YGN GNS NSR SRR RRV RVT	ARG RGW GWG WGR GRE REQ EQL QLA LAP APH PHP HPS PSQ SQY QYY YYY YYY YYY YYY YYG YGM GMD MDV	Not_HIV	QQYGNSRRVT	IGKV3-20*01	IGKJ4*01	ARGWGREQLAPHPSQYYYYYYGMDV	IGHV1-69*10	IGHJ6*02
810	QQY QYE YEF	TRG RGK GKY KYC YCT CTA TAR ARD RDY DYY YYN YNW NWD WDF DFE FEH	HIV	QQYEF	IGKV3-20*01	IGKJ1*01	TRGKYCTARDYYNWDFEH	IGHV1-18*04	IGHJ1*01
28877	QAW AWD WDS DSG SGI GIW IWV	AIW IWY WYL YLD LDS DSP SPD PDH DHG HGF GFD FDI	Not_HIV	QAWDSGIWV	IGLV4-69*02	IGLJ3*02	AIWYLDSPDHGFDI	IGHV3-33*03	IGHJ3*02
1026	TVW VWD WDS DSV SVP VPG PGA GAS ASV	ARD RDR DRG RGY GYY YYA YAF AFD FDI	Not_HIV	TVWDSVPGASV	IGLV1-44*01	IGLJ6*01	ARDRGYYAFDI	IGHV1-18*04	IGHJ3*02
36463	QQF QFG FGA GAS ASP SPP PPY PYS	AKK KKG KGW GWQ WQS QST STF TFL FLG LGM GMD MDY DYF YFY FYG YGM GMD MDV	Not_HIV	QQFGASPPYS	IGKV3-20*01	IGKJ1*01	AKKGWQSTFLGMDYFYGMDV	IGHV3-48*01	IGHJ6*04
325	WSF SFA FAG AGS GSY SYY YYV	AGE GEL ELL LLP LPY PYY YYG YGM GMD MDV	Not_HIV	WSFAGSYYV	IGLV2-11*01	IGLJ1*01	AGELLPYYGMDV	IGHV3-23*01	IGHJ6*02
1040	QQY QYY YYS	AKI KIS ISG SGS GSY SYS YSF SFD FDY	HIV	QQYYS	IGKV4-HIV*01	IGKJ4*01	AKISGSYSFDY	IGHV1-2*02	IGHJ4*01
1606	QCL CLE LEA	VRG RGR GRS RSC SCC CCG CGG GGR GRR RRH RHC HCN CNG NGA GAD ADC DCF CFN FNW NWD WDF DFQ FQH	HIV	QCLEA	IGKV3-20*01	IGKJ2*01	VRGRSCCGGRRHCNGADCFNWDFQH	IGHV1-2*04	IGHJ1*01
19766	QET ETY TYS YSD SDL DLM LMY MYT	ARL RLS LSQ SQV QVS VSG SGW GWS WSP SPW PWV WVG VGP	Not_HIV	QETYSDLMYT	IGKV1D-39*01	IGKJ1*01	ARLSQVSGWSPWVGP	IGHV5-51*02	IGHJ5*02
9240	QQY QYG YGS GSS SSP SPS PST	ARE REG EGT GTT TTG TGW GWG WGW GWL WLG LGK GKP KPI PIG IGA GAF AFA FAY	HIV	QQYGSSPST	IGKV3-20*01	IGKJ1*01	AREGTTGWGWLGKPIGAFAY	IGHV1-69*14	IGHJ4*01
889	QQY QYE YEF	VRK RKG KGP GPS PSC SCP CPH PHC HCG CGD GDF DFH FHW HWQ WQH	HIV	QQYEF	IGKV3-20*01	IGKJ1*01	VRKGPSCPHCGDFHWQH	IGHV1-2*02	IGHJ1*01
412	QQH QHY HYR YRT RTP TPP PPT	AKD KDS DSQ SQL QLR LRS RSL SLL LLY LYF YFE FEW EWL WLS LSQ SQG QGY GYF YFD FDY	Not_HIV	QQHYRTPPT	IGKV4-HIV*01	IGKJ1*01	AKDSQLRSLLYFEWLSQGYFDY	IGHV3-30-3*02	IGHJ4*01
19584	QQF QFS FSS SSY SYP YPY PYT	ARE REN ENY NYG YGS GSV SVY	Not_HIV	QQFSSYPYT	IGKV6-23*01	IGKJ2*01	ARENYGSVY	IGHV1-81*01	IGHJ2*01
651	QQY QYG YGS GSS SSP SPT	ARD RDL DLT LTT TTL TLT LTS TSY SYN YNW NWW WWD WDL	Not_HIV	QQYGSSPT	IGKV3-20*01	IGKJ4*01	ARDLTTLTSYNWWDL	IGHV1-69*02	IGHJ5*01
1274	QQY QYN YNN NNW NWP WPP PPR PRY RYT	AGV GVY VYE YEG EGE GEA EAD ADE DEG EGE GEY EYD YDN DNN NNG NGF GFL FLK LKH	HIV	QQYNNWPPRYT	IGKV3D-15*01	IGKJ5*01	AGVYEGEADEGEYDNNGFLKH	IGHV1-69*02	IGHJ1*01
26785	QHR HRT	ATD TDK DKT KTY TYV YVS VSG SGY GYT YTS TST STW TWY WYY YYF YFN FNY	Not_HIV	QHRT	IGKV1-5*03	IGKJ1*01	ATDKTYVSGYTSTWYYFNY	IGHV3-30*15	IGHJ4*01
971	QQY QYF YFS FSP SPP PPY PYT	ARG RGD GDG DGG GGL GLD LDD	Not_HIV	QQYFSPPYT	IGKV4-HIV*01	IGKJ2*01	ARGDGGLDD	IGHV3-74*03	IGHJ5*01
1314	QQH QHN HNE NEY EYP YPY PYT	ARM RMG MGS GSD SDY DYD YDV DVW VWF WFD FDY	Not_HIV	QQHNEYPYT	IGKV3-11*01	IGKJ2*01	ARMGSDYDVWFDY	IGHV2-26*01	IGHJ4*01
36465	QSS SSD SDS DSS SSG SGT GTY TYV YVV	ARH RHD HDS DSS SSG SGY GYD YDA DAF AFD FDI	Not_HIV	QSSDSSGTYVV	IGLV3-25*02	IGLJ3*01	ARHDSSGYDAFDI	IGHV1-46*01	IGHJ3*02
202268	QQR QRS RSN SNW NWP WPP PPV PVT	ARD RDI DIY IYD YDV DVS VSS SSA SAY AYY YYG YGM GMD MDV	Not_HIV	QQRSNWPPVT	IGKV3-11*01	IGKJ1*01	ARDIYDVSSAYYGMDV	IGHV3-64*07	IGHJ6*01
26783	CSY SYA YAG AGS GSV SVV	ARD RDL DLT LTL TLM LMY MYV YVH VHS HSS SSG SGW GWE WER ERG RGV GVY VYY YYY YYY YYG YGM GMD MDV	Not_HIV	CSYAGSVV	IGLV2-23*01	IGLJ3*01	ARDLTLMYVHSSGWERGVYYYYGMDV	IGHV1-2*02	IGHJ6*02
492	STW TWD WDD DDT DTL TLE LEG EGW GWV	ARR RRQ RQL QLL LLD LDD DDG DGT GTG TGY GYQ YQW QWA WAA AAF AFD FDV	Not_HIV	STWDDTLEGWV	IGLV1-36*01	IGLJ3*02	ARRQLLDDGTGYQWAAFDV	IGHV4-39*07	IGHJ3*01
179	QAW AWD WDS DSS SST STA TAV	ANN NNN NNG NGQ GQQ QQL QLV LVY VYS YSY SYM YMD MDV	Not_HIV	QAWDSSTAV	IGLV3-HIV*01	IGLJ1*01	ANNNGQQLVYSYMDV	IGHV3-30*02	IGHJ6*04
